window_start,node_id,source_file,node_role,layer,parent_mac,n_samples_present,n_samples_expected,rssi_dbm_mean,rssi_dbm_var,rssi_dbm_min,rssi_dbm_max,retry_count_delta,retry_count_reset_detected,tx_count_delta,tx_count_reset_detected,probes_count_delta,probes_count_reset_detected,window_label,window_phase_id,ForwardingRatio,IngressEgressDelta,ConsistencyScore,RetryRate,RSSI_mean,RSSI_var,RSSI_Hop_Diff,LatencyHopRatio,TunnelIntensity,TunnelBytes,TunnelLatency,ParentSwitchRate,LayerChangeCount,HopStabilityDuration,RSSI_stability,PDR,_pdr_clipped,Label,missing_firmware_fields
0,NODE_B0CBD8F33218,victim_COM21_tree_none_r1_20260715_013848_telem.csv,victim,2.0,F4:2D:C9:73:E6:19,5,5,-60.8,4.5600000000000005,-63.0,-57.0,0.0,False,0.0,False,0.0,False,0.0,0.0,,,,0.0,-60.8,4.5600000000000005,9.799999999999997,,,,,0.0,0,4.0,2.0,1.0,True,0.0,"ForwardingRatio,IngressEgressDelta,ConsistencyScore"
5,NODE_B0CBD8F33218,victim_COM21_tree_none_r1_20260715_013848_telem.csv,victim,2.0,F4:2D:C9:73:E6:19,5,5,-59.8,6.959999999999999,-63.0,-55.0,0.0,False,0.0,False,0.0,False,0.0,0.0,,,,0.0,-59.8,6.959999999999999,8.799999999999997,,,,,0.0,0,4.0,3.0,1.0,True,0.0,"ForwardingRatio,IngressEgressDelta,ConsistencyScore"
10,NODE_B0CBD8F33218,victim_COM21_tree_none_r1_20260715_013848_telem.csv,victim,2.0,F4:2D:C9:73:E6:19,5,5,-53.4,13.84,-56.0,-46.0,0.0,False,0.0,False,0.0,False,0.0,0.0,,,,0.0,-53.4,13.84,2.3999999999999986,,,,,0.0,0,4.0,3.0,1.0,True,0.0,"ForwardingRatio,IngressEgressDelta,ConsistencyScore"
15,NODE_B0CBD8F33218,victim_COM21_tree_none_r1_20260715_013848_telem.csv,victim,2.0,F4:2D:C9:73:E6:19,5,5,-40.8,3.7600000000000002,-42.0,-37.0,0.0,False,0.0,False,0.0,False,0.0,0.0,,,,0.0,-40.8,3.7600000000000002,10.200000000000003,,,,,0.0,0,4.0,3.0,1.0,True,0.0,"ForwardingRatio,IngressEgressDelta,ConsistencyScore"
20,NODE_B0CBD8F33218,victim_COM21_tree_none_r1_20260715_013848_telem.csv,victim,2.0,F4:2D:C9:73:E6:19,5,5,-41.8,2.1599999999999997,-43.0,-39.0,0.0,False,0.0,False,0.0,False,0.0,0.0,,,,0.0,-41.8,2.1599999999999997,9.200000000000003,,,,,0.0,0,4.0,4.0,1.0,True,0.0,"ForwardingRatio,IngressEgressDelta,ConsistencyScore"
25,NODE_B0CBD8F33218,victim_COM21_tree_none_r1_20260715_013848_telem.csv,victim,2.0,F4:2D:C9:73:E6:19,5,5,-43.0,0.0,-43.0,-43.0,0.0,False,0.0,False,0.0,False,0.0,0.0,,,,0.0,-43.0,0.0,8.0,,,,,0.0,0,4.0,4.0,1.0,True,0.0,"ForwardingRatio,IngressEgressDelta,ConsistencyScore"
30,NODE_B0CBD8F33218,victim_COM21_tree_none_r1_20260715_013848_telem.csv,victim,2.0,F4:2D:C9:73:E6:19,5,5,-43.0,0.0,-43.0,-43.0,0.0,False,0.0,False,0.0,False,0.0,0.0,,,,0.0,-43.0,0.0,8.0,,,,,0.0,0,4.0,4.0,1.0,True,0.0,"ForwardingRatio,IngressEgressDelta,ConsistencyScore"
35,NODE_B0CBD8F33218,victim_COM21_tree_none_r1_20260715_013848_telem.csv,victim,-1.0,00:00:00:00:00:00,5,5,-43.0,0.0,-43.0,-43.0,3.0,False,0.0,False,0.0,False,0.0,0.0,,,,0.9999996666667778,-43.0,0.0,26.1,,,,,0.25,1,3.0,4.0,1.0,True,0.0,"ForwardingRatio,IngressEgressDelta,ConsistencyScore"
40,NODE_B0CBD8F33218,victim_COM21_tree_none_r1_20260715_013848_telem.csv,victim,-1.0,00:00:00:00:00:00,5,5,-25.8,443.75999999999993,-43.0,0.0,4.0,False,0.0,False,0.0,False,0.0,0.0,,,,0.9999997500000625,-25.8,443.75999999999993,8.900000000000002,,,,,0.0,0,4.0,0.0,1.0,True,0.0,"ForwardingRatio,IngressEgressDelta,ConsistencyScore"
45,NODE_B0CBD8F33218,victim_COM21_tree_none_r1_20260715_013848_telem.csv,victim,2.0,F4:2D:C9:73:E6:19,5,5,-40.2,3.3599999999999994,-42.0,-38.0,0.0,False,4.0,False,4.0,False,0.0,0.0,,,,0.0,-40.2,3.3599999999999994,10.799999999999997,,,,,0.0,0,4.0,4.0,1.0,True,0.0,"ForwardingRatio,IngressEgressDelta,ConsistencyScore"
50,NODE_B0CBD8F33218,victim_COM21_tree_none_r1_20260715_013848_telem.csv,victim,2.0,F4:2D:C9:73:E6:19,5,5,-43.6,3.44,-47.0,-42.0,0.0,False,4.0,False,4.0,False,0.0,0.0,,,,0.0,-43.6,3.44,7.399999999999999,,,,,0.0,0,4.0,2.0,1.0,True,0.0,"ForwardingRatio,IngressEgressDelta,ConsistencyScore"
55,NODE_B0CBD8F33218,victim_COM21_tree_none_r1_20260715_013848_telem.csv,victim,2.0,F4:2D:C9:73:E6:19,5,5,-41.6,1.8399999999999999,-43.0,-39.0,0.0,False,4.0,False,4.0,False,0.0,0.0,,,,0.0,-41.6,1.8399999999999999,9.399999999999999,,,,,0.0,0,4.0,4.0,1.0,True,0.0,"ForwardingRatio,IngressEgressDelta,ConsistencyScore"
60,NODE_B0CBD8F33218,victim_COM21_tree_none_r1_20260715_013848_telem.csv,victim,2.0,F4:2D:C9:73:E6:19,5,5,-40.6,2.6399999999999997,-43.0,-38.0,0.0,False,4.0,False,4.0,False,0.0,0.0,,,,0.0,-40.6,2.6399999999999997,10.399999999999999,,,,,0.0,0,4.0,4.0,1.0,True,0.0,"ForwardingRatio,IngressEgressDelta,ConsistencyScore"
65,NODE_B0CBD8F33218,victim_COM21_tree_none_r1_20260715_013848_telem.csv,victim,2.0,F4:2D:C9:73:E6:19,5,5,-39.4,9.440000000000001,-44.0,-36.0,0.0,False,4.0,False,4.0,False,0.0,0.0,,,,0.0,-39.4,9.440000000000001,11.600000000000001,,,,,0.0,0,4.0,1.0,1.0,True,0.0,"ForwardingRatio,IngressEgressDelta,ConsistencyScore"
70,NODE_B0CBD8F33218,victim_COM21_tree_none_r1_20260715_013848_telem.csv,victim,2.0,F4:2D:C9:73:E6:19,5,5,-42.6,1.8400000000000003,-44.0,-40.0,0.0,False,4.0,False,4.0,False,0.0,0.0,,,,0.0,-42.6,1.8400000000000003,8.399999999999999,,,,,0.0,0,4.0,4.0,1.0,True,0.0,"ForwardingRatio,IngressEgressDelta,ConsistencyScore"
75,NODE_B0CBD8F33218,victim_COM21_tree_none_r1_20260715_013848_telem.csv,victim,2.0,F4:2D:C9:73:E6:19,5,5,-40.0,6.4,-43.0,-37.0,0.0,False,4.0,False,4.0,False,0.0,0.0,,,,0.0,-40.0,6.4,11.0,,,,,0.0,0,4.0,4.0,1.0,True,0.0,"ForwardingRatio,IngressEgressDelta,ConsistencyScore"
80,NODE_B0CBD8F33218,victim_COM21_tree_none_r1_20260715_013848_telem.csv,victim,2.0,F4:2D:C9:73:E6:19,5,5,-39.4,2.6399999999999997,-41.0,-37.0,0.0,False,4.0,False,4.0,False,0.0,0.0,,,,0.0,-39.4,2.6399999999999997,11.600000000000001,,,,,0.0,0,4.0,4.0,1.0,True,0.0,"ForwardingRatio,IngressEgressDelta,ConsistencyScore"
85,NODE_B0CBD8F33218,victim_COM21_tree_none_r1_20260715_013848_telem.csv,victim,2.0,F4:2D:C9:73:E6:19,5,5,-41.6,2.24,-44.0,-40.0,0.0,False,4.0,False,4.0,False,0.0,0.0,,,,0.0,-41.6,2.24,9.399999999999999,,,,,0.0,0,4.0,4.0,1.0,True,0.0,"ForwardingRatio,IngressEgressDelta,ConsistencyScore"
90,NODE_B0CBD8F33218,victim_COM21_tree_none_r1_20260715_013848_telem.csv,victim,2.0,F4:2D:C9:73:E6:19,5,5,-47.6,15.440000000000001,-52.0,-42.0,0.0,False,4.0,False,4.0,False,0.0,0.0,,,,0.0,-47.6,15.440000000000001,3.3999999999999986,,,,,0.0,0,4.0,1.0,1.0,True,0.0,"ForwardingRatio,IngressEgressDelta,ConsistencyScore"
95,NODE_B0CBD8F33218,victim_COM21_tree_none_r1_20260715_013848_telem.csv,victim,2.0,F4:2D:C9:73:E6:19,5,5,-48.6,10.239999999999998,-55.0,-47.0,0.0,False,4.0,False,4.0,False,0.0,0.0,,,,0.0,-48.6,10.239999999999998,2.3999999999999986,,,,,0.0,0,4.0,4.0,1.0,True,0.0,"ForwardingRatio,IngressEgressDelta,ConsistencyScore"
100,NODE_B0CBD8F33218,victim_COM21_tree_none_r1_20260715_013848_telem.csv,victim,2.0,F4:2D:C9:73:E6:19,5,5,-47.2,0.16,-48.0,-47.0,0.0,False,4.0,False,4.0,False,0.0,0.0,,,,0.0,-47.2,0.16,3.799999999999997,,,,,0.0,0,4.0,4.0,1.0,True,0.0,"ForwardingRatio,IngressEgressDelta,ConsistencyScore"
105,NODE_B0CBD8F33218,victim_COM21_tree_none_r1_20260715_013848_telem.csv,victim,2.0,F4:2D:C9:73:E6:19,5,5,-48.2,1.3599999999999999,-50.0,-47.0,0.0,False,4.0,False,4.0,False,0.0,0.0,,,,0.0,-48.2,1.3599999999999999,2.799999999999997,,,,,0.0,0,4.0,4.0,1.0,True,0.0,"ForwardingRatio,IngressEgressDelta,ConsistencyScore"
110,NODE_B0CBD8F33218,victim_COM21_tree_none_r1_20260715_013848_telem.csv,victim,2.0,F4:2D:C9:73:E6:19,5,5,-44.0,0.4,-45.0,-43.0,0.0,False,4.0,False,4.0,False,0.0,0.0,,,,0.0,-44.0,0.4,7.0,,,,,0.0,0,4.0,4.0,1.0,True,0.0,"ForwardingRatio,IngressEgressDelta,ConsistencyScore"
115,NODE_B0CBD8F33218,victim_COM21_tree_none_r1_20260715_013848_telem.csv,victim,2.0,F4:2D:C9:73:E6:19,5,5,-44.0,0.0,-44.0,-44.0,0.0,False,4.0,False,4.0,False,0.0,0.0,,,,0.0,-44.0,0.0,7.0,,,,,0.0,0,4.0,4.0,1.0,True,0.0,"ForwardingRatio,IngressEgressDelta,ConsistencyScore"
120,NODE_B0CBD8F33218,victim_COM21_tree_none_r1_20260715_013848_telem.csv,victim,2.0,F4:2D:C9:73:E6:19,5,5,-42.2,4.160000000000001,-46.0,-40.0,0.0,False,3.0,False,3.0,False,0.0,0.0,,,,0.0,-42.2,4.160000000000001,8.799999999999997,,,,,0.0,0,4.0,4.0,1.0,True,0.0,"ForwardingRatio,IngressEgressDelta,ConsistencyScore"
125,NODE_B0CBD8F33218,victim_COM21_tree_none_r1_20260715_013848_telem.csv,victim,2.0,F4:2D:C9:73:E6:19,5,5,-40.6,1.8400000000000003,-42.0,-39.0,0.0,False,4.0,False,4.0,False,0.0,0.0,,,,0.0,-40.6,1.8400000000000003,10.399999999999999,,,,,0.0,0,4.0,4.0,0.9999997500000625,False,0.0,"ForwardingRatio,IngressEgressDelta,ConsistencyScore"
130,NODE_B0CBD8F33218,victim_COM21_tree_none_r1_20260715_013848_telem.csv,victim,2.0,F4:2D:C9:73:E6:19,5,5,-41.4,1.4400000000000002,-42.0,-39.0,0.0,False,5.0,False,5.0,False,0.0,0.0,,,,0.0,-41.4,1.4400000000000002,9.600000000000001,,,,,0.0,0,4.0,4.0,0.99999980000004,False,0.0,"ForwardingRatio,IngressEgressDelta,ConsistencyScore"
135,NODE_B0CBD8F33218,victim_COM21_tree_none_r1_20260715_013848_telem.csv,victim,2.0,F4:2D:C9:73:E6:19,5,5,-42.0,0.0,-42.0,-42.0,0.0,False,4.0,False,4.0,False,0.0,0.0,,,,0.0,-42.0,0.0,9.0,,,,,0.0,0,4.0,4.0,1.0,True,0.0,"ForwardingRatio,IngressEgressDelta,ConsistencyScore"
140,NODE_B0CBD8F33218,victim_COM21_tree_none_r1_20260715_013848_telem.csv,victim,2.0,F4:2D:C9:73:E6:19,5,5,-41.2,1.3599999999999999,-42.0,-39.0,0.0,False,4.0,False,4.0,False,0.0,0.0,,,,0.0,-41.2,1.3599999999999999,9.799999999999997,,,,,0.0,0,4.0,4.0,1.0,True,0.0,"ForwardingRatio,IngressEgressDelta,ConsistencyScore"
145,NODE_B0CBD8F33218,victim_COM21_tree_none_r1_20260715_013848_telem.csv,victim,2.0,F4:2D:C9:73:E6:19,5,5,-41.6,0.24,-42.0,-41.0,0.0,False,4.0,False,4.0,False,0.0,0.0,,,,0.0,-41.6,0.24,9.399999999999999,,,,,0.0,0,4.0,4.0,1.0,True,0.0,"ForwardingRatio,IngressEgressDelta,ConsistencyScore"
150,NODE_B0CBD8F33218,victim_COM21_tree_none_r1_20260715_013848_telem.csv,victim,2.0,F4:2D:C9:73:E6:19,5,5,-40.0,2.8,-42.0,-38.0,0.0,False,4.0,False,4.0,False,0.0,0.0,,,,0.0,-40.0,2.8,11.0,,,,,0.0,0,4.0,4.0,1.0,True,0.0,"ForwardingRatio,IngressEgressDelta,ConsistencyScore"
155,NODE_B0CBD8F33218,victim_COM21_tree_none_r1_20260715_013848_telem.csv,victim,2.0,F4:2D:C9:73:E6:19,5,5,-42.2,2.5599999999999996,-43.0,-39.0,0.0,False,4.0,False,4.0,False,0.0,0.0,,,,0.0,-42.2,2.5599999999999996,8.799999999999997,,,,,0.0,0,4.0,3.0,1.0,True,0.0,"ForwardingRatio,IngressEgressDelta,ConsistencyScore"
160,NODE_B0CBD8F33218,victim_COM21_tree_none_r1_20260715_013848_telem.csv,victim,2.0,F4:2D:C9:73:E6:19,5,5,-42.4,3.04,-44.0,-39.0,0.0,False,4.0,False,4.0,False,0.0,0.0,,,,0.0,-42.4,3.04,8.600000000000001,,,,,0.0,0,4.0,3.0,1.0,True,0.0,"ForwardingRatio,IngressEgressDelta,ConsistencyScore"
165,NODE_B0CBD8F33218,victim_COM21_tree_none_r1_20260715_013848_telem.csv,victim,2.0,F4:2D:C9:73:E6:19,5,5,-43.0,0.0,-43.0,-43.0,0.0,False,4.0,False,4.0,False,0.0,0.0,,,,0.0,-43.0,0.0,8.0,,,,,0.0,0,4.0,4.0,1.0,True,0.0,"ForwardingRatio,IngressEgressDelta,ConsistencyScore"
170,NODE_B0CBD8F33218,victim_COM21_tree_none_r1_20260715_013848_telem.csv,victim,2.0,F4:2D:C9:73:E6:19,5,5,-43.6,0.24,-44.0,-43.0,0.0,False,4.0,False,4.0,False,0.0,0.0,,,,0.0,-43.6,0.24,7.399999999999999,,,,,0.0,0,4.0,4.0,1.0,True,0.0,"ForwardingRatio,IngressEgressDelta,ConsistencyScore"
175,NODE_B0CBD8F33218,victim_COM21_tree_none_r1_20260715_013848_telem.csv,victim,2.0,F4:2D:C9:73:E6:19,5,5,-43.4,0.24,-44.0,-43.0,0.0,False,4.0,False,4.0,False,0.0,0.0,,,,0.0,-43.4,0.24,7.600000000000001,,,,,0.0,0,4.0,4.0,1.0,True,0.0,"ForwardingRatio,IngressEgressDelta,ConsistencyScore"
180,NODE_B0CBD8F33218,victim_COM21_tree_none_r1_20260715_013848_telem.csv,victim,2.0,F4:2D:C9:73:E6:19,5,5,-42.2,1.7599999999999998,-44.0,-40.0,0.0,False,4.0,False,4.0,False,0.0,0.0,,,,0.0,-42.2,1.7599999999999998,8.799999999999997,,,,,0.0,0,4.0,4.0,1.0,True,0.0,"ForwardingRatio,IngressEgressDelta,ConsistencyScore"
185,NODE_B0CBD8F33218,victim_COM21_tree_none_r1_20260715_013848_telem.csv,victim,2.0,F4:2D:C9:73:E6:19,5,5,-42.6,0.24,-43.0,-42.0,0.0,False,4.0,False,4.0,False,0.0,0.0,,,,0.0,-42.6,0.24,8.399999999999999,,,,,0.0,0,4.0,4.0,1.0,True,0.0,"ForwardingRatio,IngressEgressDelta,ConsistencyScore"
190,NODE_B0CBD8F33218,victim_COM21_tree_none_r1_20260715_013848_telem.csv,victim,2.0,F4:2D:C9:73:E6:19,5,5,-42.6,0.24,-43.0,-42.0,0.0,False,4.0,False,4.0,False,0.0,0.0,,,,0.0,-42.6,0.24,8.399999999999999,,,,,0.0,0,4.0,4.0,1.0,True,0.0,"ForwardingRatio,IngressEgressDelta,ConsistencyScore"
195,NODE_B0CBD8F33218,victim_COM21_tree_none_r1_20260715_013848_telem.csv,victim,2.0,F4:2D:C9:73:E6:19,5,5,-41.2,0.96,-42.0,-40.0,0.0,False,4.0,False,4.0,False,0.0,0.0,,,,0.0,-41.2,0.96,9.799999999999997,,,,,0.0,0,4.0,4.0,1.0,True,0.0,"ForwardingRatio,IngressEgressDelta,ConsistencyScore"
200,NODE_B0CBD8F33218,victim_COM21_tree_none_r1_20260715_013848_telem.csv,victim,2.0,F4:2D:C9:73:E6:19,5,5,-42.0,14.0,-46.0,-35.0,0.0,False,4.0,False,4.0,False,0.0,0.0,,,,0.0,-42.0,14.0,9.0,,,,,0.0,0,4.0,1.0,1.0,True,0.0,"ForwardingRatio,IngressEgressDelta,ConsistencyScore"
205,NODE_B0CBD8F33218,victim_COM21_tree_none_r1_20260715_013848_telem.csv,victim,2.0,F4:2D:C9:73:E6:19,5,5,-40.0,24.8,-47.0,-35.0,0.0,False,4.0,False,4.0,False,0.0,0.0,,,,0.0,-40.0,24.8,11.0,,,,,0.0,0,4.0,1.0,1.0,True,0.0,"ForwardingRatio,IngressEgressDelta,ConsistencyScore"
210,NODE_B0CBD8F33218,victim_COM21_tree_none_r1_20260715_013848_telem.csv,victim,2.0,F4:2D:C9:73:E6:19,5,5,-41.6,53.04,-54.0,-33.0,0.0,False,4.0,False,4.0,False,0.0,0.0,,,,0.0,-41.6,53.04,9.399999999999999,,,,,0.0,0,4.0,1.0,1.0,True,0.0,"ForwardingRatio,IngressEgressDelta,ConsistencyScore"
215,NODE_B0CBD8F33218,victim_COM21_tree_none_r1_20260715_013848_telem.csv,victim,2.0,F4:2D:C9:73:E6:19,5,5,-45.0,17.2,-52.0,-40.0,0.0,False,4.0,False,4.0,False,0.0,0.0,,,,0.0,-45.0,17.2,6.0,,,,,0.0,0,4.0,3.0,1.0,True,0.0,"ForwardingRatio,IngressEgressDelta,ConsistencyScore"
220,NODE_B0CBD8F33218,victim_COM21_tree_none_r1_20260715_013848_telem.csv,victim,2.0,F4:2D:C9:73:E6:19,5,5,-51.8,2.1599999999999997,-54.0,-50.0,0.0,False,4.0,False,4.0,False,0.0,0.0,,,,0.0,-51.8,2.1599999999999997,0.7999999999999972,,,,,0.0,0,4.0,4.0,0.9999997500000625,False,0.0,"ForwardingRatio,IngressEgressDelta,ConsistencyScore"
225,NODE_B0CBD8F33218,victim_COM21_tree_none_r1_20260715_013848_telem.csv,victim,2.0,F4:2D:C9:73:E6:19,5,5,-51.6,5.44,-55.0,-49.0,0.0,False,4.0,False,4.0,False,0.0,0.0,,,,0.0,-51.6,5.44,0.6000000000000014,,,,,0.0,0,4.0,3.0,1.0,True,0.0,"ForwardingRatio,IngressEgressDelta,ConsistencyScore"
230,NODE_B0CBD8F33218,victim_COM21_tree_none_r1_20260715_013848_telem.csv,victim,2.0,F4:2D:C9:73:E6:19,5,5,-60.8,4.960000000000001,-64.0,-57.0,0.0,False,3.0,False,3.0,False,0.0,0.0,,,,0.0,-60.8,4.960000000000001,9.799999999999997,,,,,0.0,0,4.0,3.0,1.0,True,0.0,"ForwardingRatio,IngressEgressDelta,ConsistencyScore"
235,NODE_B0CBD8F33218,victim_COM21_tree_none_r1_20260715_013848_telem.csv,victim,2.0,F4:2D:C9:73:E6:19,5,5,-62.4,13.440000000000001,-66.0,-56.0,0.0,False,4.0,False,4.0,False,0.0,0.0,,,,0.0,-62.4,13.440000000000001,11.399999999999999,,,,,0.0,0,4.0,2.0,1.0,True,0.0,"ForwardingRatio,IngressEgressDelta,ConsistencyScore"
240,NODE_B0CBD8F33218,victim_COM21_tree_none_r1_20260715_013848_telem.csv,victim,2.0,F4:2D:C9:73:E6:19,5,5,-47.8,2.96,-51.0,-46.0,0.0,False,3.0,False,3.0,False,0.0,0.0,,,,0.0,-47.8,2.96,3.200000000000003,,,,,0.0,0,4.0,3.0,1.0,True,0.0,"ForwardingRatio,IngressEgressDelta,ConsistencyScore"
245,NODE_B0CBD8F33218,victim_COM21_tree_none_r1_20260715_013848_telem.csv,victim,2.0,F4:2D:C9:73:E6:19,5,5,-48.4,1.0400000000000003,-50.0,-47.0,0.0,False,4.0,False,4.0,False,0.0,0.0,,,,0.0,-48.4,1.0400000000000003,2.6000000000000014,,,,,0.0,0,4.0,4.0,1.0,True,0.0,"ForwardingRatio,IngressEgressDelta,ConsistencyScore"
250,NODE_B0CBD8F33218,victim_COM21_tree_none_r1_20260715_013848_telem.csv,victim,2.0,F4:2D:C9:73:E6:19,5,5,-53.6,9.04,-59.0,-50.0,0.0,False,4.0,False,4.0,False,0.0,0.0,,,,0.0,-53.6,9.04,2.6000000000000014,,,,,0.0,0,4.0,2.0,1.0,True,0.0,"ForwardingRatio,IngressEgressDelta,ConsistencyScore"
255,NODE_B0CBD8F33218,victim_COM21_tree_none_r1_20260715_013848_telem.csv,victim,2.0,F4:2D:C9:73:E6:19,5,5,-52.2,1.3599999999999999,-53.0,-50.0,0.0,False,4.0,False,4.0,False,0.0,0.0,,,,0.0,-52.2,1.3599999999999999,1.2000000000000028,,,,,0.0,0,4.0,4.0,1.0,True,0.0,"ForwardingRatio,IngressEgressDelta,ConsistencyScore"
260,NODE_B0CBD8F33218,victim_COM21_tree_none_r1_20260715_013848_telem.csv,victim,2.0,F4:2D:C9:73:E6:19,5,5,-52.6,1.8399999999999999,-54.0,-50.0,0.0,False,4.0,False,4.0,False,0.0,0.0,,,,0.0,-52.6,1.8399999999999999,1.6000000000000014,,,,,0.0,0,4.0,4.0,0.9999997500000625,False,0.0,"ForwardingRatio,IngressEgressDelta,ConsistencyScore"
265,NODE_B0CBD8F33218,victim_COM21_tree_none_r1_20260715_013848_telem.csv,victim,2.0,F4:2D:C9:73:E6:19,5,5,-52.8,0.16,-53.0,-52.0,0.0,False,4.0,False,4.0,False,0.0,0.0,,,,0.0,-52.8,0.16,1.7999999999999972,,,,,0.0,0,4.0,4.0,1.0,True,0.0,"ForwardingRatio,IngressEgressDelta,ConsistencyScore"
270,NODE_B0CBD8F33218,victim_COM21_tree_none_r1_20260715_013848_telem.csv,victim,2.0,F4:2D:C9:73:E6:19,5,5,-53.0,0.0,-53.0,-53.0,0.0,False,4.0,False,4.0,False,0.0,0.0,,,,0.0,-53.0,0.0,2.0,,,,,0.0,0,4.0,4.0,1.0,True,0.0,"ForwardingRatio,IngressEgressDelta,ConsistencyScore"
275,NODE_B0CBD8F33218,victim_COM21_tree_none_r1_20260715_013848_telem.csv,victim,2.0,F4:2D:C9:73:E6:19,5,5,-52.2,2.5599999999999996,-53.0,-49.0,0.0,False,4.0,False,4.0,False,0.0,0.0,,,,0.0,-52.2,2.5599999999999996,1.2000000000000028,,,,,0.0,0,4.0,4.0,1.0,True,0.0,"ForwardingRatio,IngressEgressDelta,ConsistencyScore"
280,NODE_B0CBD8F33218,victim_COM21_tree_none_r1_20260715_013848_telem.csv,victim,2.0,F4:2D:C9:73:E6:19,5,5,-53.0,0.0,-53.0,-53.0,0.0,False,4.0,False,4.0,False,0.0,0.0,,,,0.0,-53.0,0.0,2.0,,,,,0.0,0,4.0,4.0,1.0,True,0.0,"ForwardingRatio,IngressEgressDelta,ConsistencyScore"
285,NODE_B0CBD8F33218,victim_COM21_tree_none_r1_20260715_013848_telem.csv,victim,2.0,F4:2D:C9:73:E6:19,5,5,-53.0,0.0,-53.0,-53.0,0.0,False,4.0,False,4.0,False,0.0,0.0,,,,0.0,-53.0,0.0,2.0,,,,,0.0,0,4.0,4.0,1.0,True,0.0,"ForwardingRatio,IngressEgressDelta,ConsistencyScore"
290,NODE_B0CBD8F33218,victim_COM21_tree_none_r1_20260715_013848_telem.csv,victim,2.0,F4:2D:C9:73:E6:19,5,5,-53.0,0.0,-53.0,-53.0,0.0,False,4.0,False,4.0,False,0.0,0.0,,,,0.0,-53.0,0.0,2.0,,,,,0.0,0,4.0,4.0,0.9999997500000625,False,0.0,"ForwardingRatio,IngressEgressDelta,ConsistencyScore"
295,NODE_B0CBD8F33218,victim_COM21_tree_none_r1_20260715_013848_telem.csv,victim,2.0,F4:2D:C9:73:E6:19,5,5,-53.2,0.16,-54.0,-53.0,0.0,False,4.0,False,4.0,False,0.0,0.0,,,,0.0,-53.2,0.16,2.200000000000003,,,,,0.0,0,4.0,4.0,1.0,True,0.0,"ForwardingRatio,IngressEgressDelta,ConsistencyScore"
300,NODE_B0CBD8F33218,victim_COM21_tree_none_r1_20260715_013848_telem.csv,victim,2.0,F4:2D:C9:73:E6:19,5,5,-51.4,11.44,-55.0,-45.0,0.0,False,4.0,False,4.0,False,0.0,0.0,,,,0.0,-51.4,11.44,0.3999999999999986,,,,,0.0,0,4.0,2.0,1.0,True,0.0,"ForwardingRatio,IngressEgressDelta,ConsistencyScore"
305,NODE_B0CBD8F33218,victim_COM21_tree_none_r1_20260715_013848_telem.csv,victim,2.0,F4:2D:C9:73:E6:19,5,5,-51.8,0.16,-52.0,-51.0,0.0,False,4.0,False,4.0,False,0.0,0.0,,,,0.0,-51.8,0.16,0.7999999999999972,,,,,0.0,0,4.0,4.0,1.0,True,0.0,"ForwardingRatio,IngressEgressDelta,ConsistencyScore"
310,NODE_B0CBD8F33218,victim_COM21_tree_none_r1_20260715_013848_telem.csv,victim,2.0,F4:2D:C9:73:E6:19,5,5,-50.6,1.8399999999999999,-52.0,-49.0,0.0,False,3.0,False,3.0,False,0.0,0.0,,,,0.0,-50.6,1.8399999999999999,0.3999999999999986,,,,,0.0,0,4.0,4.0,1.0,True,0.0,"ForwardingRatio,IngressEgressDelta,ConsistencyScore"
315,NODE_B0CBD8F33218,victim_COM21_tree_none_r1_20260715_013848_telem.csv,victim,2.0,F4:2D:C9:73:E6:19,5,5,-52.6,0.24,-53.0,-52.0,0.0,False,3.0,False,3.0,False,0.0,0.0,,,,0.0,-52.6,0.24,1.6000000000000014,,,,,0.0,0,4.0,4.0,1.0,True,0.0,"ForwardingRatio,IngressEgressDelta,ConsistencyScore"
320,NODE_B0CBD8F33218,victim_COM21_tree_none_r1_20260715_013848_telem.csv,victim,2.0,F4:2D:C9:73:E6:19,5,5,-52.4,0.24,-53.0,-52.0,0.0,False,4.0,False,4.0,False,0.0,0.0,,,,0.0,-52.4,0.24,1.3999999999999986,,,,,0.0,0,4.0,4.0,1.0,True,0.0,"ForwardingRatio,IngressEgressDelta,ConsistencyScore"
325,NODE_B0CBD8F33218,victim_COM21_tree_none_r1_20260715_013848_telem.csv,victim,2.0,F4:2D:C9:73:E6:19,5,5,-52.6,0.24,-53.0,-52.0,0.0,False,4.0,False,4.0,False,0.0,0.0,,,,0.0,-52.6,0.24,1.6000000000000014,,,,,0.0,0,4.0,4.0,1.0,True,0.0,"ForwardingRatio,IngressEgressDelta,ConsistencyScore"
330,NODE_B0CBD8F33218,victim_COM21_tree_none_r1_20260715_013848_telem.csv,victim,2.0,F4:2D:C9:73:E6:19,5,5,-53.0,0.0,-53.0,-53.0,0.0,False,4.0,False,4.0,False,0.0,0.0,,,,0.0,-53.0,0.0,2.0,,,,,0.0,0,4.0,4.0,1.0,True,0.0,"ForwardingRatio,IngressEgressDelta,ConsistencyScore"
335,NODE_B0CBD8F33218,victim_COM21_tree_none_r1_20260715_013848_telem.csv,victim,2.0,F4:2D:C9:73:E6:19,5,5,-53.0,0.0,-53.0,-53.0,0.0,False,4.0,False,4.0,False,0.0,0.0,,,,0.0,-53.0,0.0,2.0,,,,,0.0,0,4.0,4.0,1.0,True,0.0,"ForwardingRatio,IngressEgressDelta,ConsistencyScore"
340,NODE_B0CBD8F33218,victim_COM21_tree_none_r1_20260715_013848_telem.csv,victim,2.0,F4:2D:C9:73:E6:19,5,5,-53.0,0.0,-53.0,-53.0,0.0,False,4.0,False,4.0,False,0.0,0.0,,,,0.0,-53.0,0.0,2.0,,,,,0.0,0,4.0,4.0,1.0,True,0.0,"ForwardingRatio,IngressEgressDelta,ConsistencyScore"
345,NODE_B0CBD8F33218,victim_COM21_tree_none_r1_20260715_013848_telem.csv,victim,2.0,F4:2D:C9:73:E6:19,5,5,-52.2,2.5599999999999996,-53.0,-49.0,0.0,False,4.0,False,4.0,False,0.0,0.0,,,,0.0,-52.2,2.5599999999999996,1.2000000000000028,,,,,0.0,0,4.0,4.0,1.0,True,0.0,"ForwardingRatio,IngressEgressDelta,ConsistencyScore"
350,NODE_B0CBD8F33218,victim_COM21_tree_none_r1_20260715_013848_telem.csv,victim,2.0,F4:2D:C9:73:E6:19,5,5,-53.0,0.0,-53.0,-53.0,0.0,False,4.0,False,4.0,False,0.0,0.0,,,,0.0,-53.0,0.0,2.0,,,,,0.0,0,4.0,4.0,1.0,True,0.0,"ForwardingRatio,IngressEgressDelta,ConsistencyScore"
355,NODE_B0CBD8F33218,victim_COM21_tree_none_r1_20260715_013848_telem.csv,victim,2.0,F4:2D:C9:73:E6:19,5,5,-53.0,0.0,-53.0,-53.0,0.0,False,4.0,False,4.0,False,0.0,0.0,,,,0.0,-53.0,0.0,2.0,,,,,0.0,0,4.0,4.0,1.0,True,0.0,"ForwardingRatio,IngressEgressDelta,ConsistencyScore"
360,NODE_B0CBD8F33218,victim_COM21_tree_none_r1_20260715_013848_telem.csv,victim,2.0,F4:2D:C9:73:E6:19,5,5,-53.0,0.0,-53.0,-53.0,0.0,False,4.0,False,4.0,False,0.0,0.0,,,,0.0,-53.0,0.0,2.0,,,,,0.0,0,4.0,4.0,1.0,True,0.0,"ForwardingRatio,IngressEgressDelta,ConsistencyScore"
365,NODE_B0CBD8F33218,victim_COM21_tree_none_r1_20260715_013848_telem.csv,victim,2.0,F4:2D:C9:73:E6:19,5,5,-53.0,0.0,-53.0,-53.0,0.0,False,4.0,False,4.0,False,0.0,0.0,,,,0.0,-53.0,0.0,2.0,,,,,0.0,0,4.0,4.0,1.0,True,0.0,"ForwardingRatio,IngressEgressDelta,ConsistencyScore"
370,NODE_B0CBD8F33218,victim_COM21_tree_none_r1_20260715_013848_telem.csv,victim,2.0,F4:2D:C9:73:E6:19,5,5,-51.8,0.16,-52.0,-51.0,0.0,False,4.0,False,4.0,False,0.0,0.0,,,,0.0,-51.8,0.16,0.7999999999999972,,,,,0.0,0,4.0,4.0,0.9999997500000625,False,0.0,"ForwardingRatio,IngressEgressDelta,ConsistencyScore"
375,NODE_B0CBD8F33218,victim_COM21_tree_none_r1_20260715_013848_telem.csv,victim,2.0,F4:2D:C9:73:E6:19,5,5,-52.0,0.0,-52.0,-52.0,0.0,False,4.0,False,4.0,False,0.0,0.0,,,,0.0,-52.0,0.0,1.0,,,,,0.0,0,4.0,4.0,1.0,True,0.0,"ForwardingRatio,IngressEgressDelta,ConsistencyScore"
380,NODE_B0CBD8F33218,victim_COM21_tree_none_r1_20260715_013848_telem.csv,victim,2.0,F4:2D:C9:73:E6:19,5,5,-52.0,0.0,-52.0,-52.0,0.0,False,4.0,False,4.0,False,0.0,0.0,,,,0.0,-52.0,0.0,1.0,,,,,0.0,0,4.0,4.0,1.0,True,0.0,"ForwardingRatio,IngressEgressDelta,ConsistencyScore"
385,NODE_B0CBD8F33218,victim_COM21_tree_none_r1_20260715_013848_telem.csv,victim,2.0,F4:2D:C9:73:E6:19,5,5,-52.0,0.0,-52.0,-52.0,0.0,False,4.0,False,4.0,False,0.0,0.0,,,,0.0,-52.0,0.0,1.0,,,,,0.0,0,4.0,4.0,1.0,True,0.0,"ForwardingRatio,IngressEgressDelta,ConsistencyScore"
390,NODE_B0CBD8F33218,victim_COM21_tree_none_r1_20260715_013848_telem.csv,victim,2.0,F4:2D:C9:73:E6:19,5,5,-52.8,1.3599999999999999,-55.0,-52.0,0.0,False,3.0,False,3.0,False,0.0,0.0,,,,0.0,-52.8,1.3599999999999999,1.7999999999999972,,,,,0.0,0,4.0,4.0,1.0,True,0.0,"ForwardingRatio,IngressEgressDelta,ConsistencyScore"
395,NODE_B0CBD8F33218,victim_COM21_tree_none_r1_20260715_013848_telem.csv,victim,2.0,F4:2D:C9:73:E6:19,5,5,-53.2,0.16,-54.0,-53.0,0.0,False,4.0,False,4.0,False,0.0,0.0,,,,0.0,-53.2,0.16,2.200000000000003,,,,,0.0,0,4.0,4.0,1.0,True,0.0,"ForwardingRatio,IngressEgressDelta,ConsistencyScore"
400,NODE_B0CBD8F33218,victim_COM21_tree_none_r1_20260715_013848_telem.csv,victim,2.0,F4:2D:C9:73:E6:19,5,5,-53.4,0.24,-54.0,-53.0,0.0,False,4.0,False,4.0,False,0.0,0.0,,,,0.0,-53.4,0.24,2.3999999999999986,,,,,0.0,0,4.0,4.0,1.0,True,0.0,"ForwardingRatio,IngressEgressDelta,ConsistencyScore"
405,NODE_B0CBD8F33218,victim_COM21_tree_none_r1_20260715_013848_telem.csv,victim,2.0,F4:2D:C9:73:E6:19,5,5,-50.0,6.4,-53.0,-47.0,0.0,False,4.0,False,4.0,False,0.0,3.0,,,,0.0,-50.0,6.4,1.0,,,,,0.0,0,4.0,4.0,0.9999997500000625,False,0.0,"ForwardingRatio,IngressEgressDelta,ConsistencyScore"
410,NODE_B0CBD8F33218,victim_COM21_tree_none_r1_20260715_013848_telem.csv,victim,2.0,F4:2D:C9:73:E6:19,5,5,-51.0,0.0,-51.0,-51.0,0.0,False,4.0,False,4.0,False,0.0,3.0,,,,0.0,-51.0,0.0,0.0,,,,,0.0,0,4.0,4.0,1.0,True,0.0,"ForwardingRatio,IngressEgressDelta,ConsistencyScore"
415,NODE_B0CBD8F33218,victim_COM21_tree_none_r1_20260715_013848_telem.csv,victim,2.0,F4:2D:C9:73:E6:19,5,5,-51.2,0.16,-52.0,-51.0,0.0,False,4.0,False,4.0,False,0.0,3.0,,,,0.0,-51.2,0.16,0.20000000000000284,,,,,0.0,0,4.0,4.0,1.0,True,0.0,"ForwardingRatio,IngressEgressDelta,ConsistencyScore"
420,NODE_B0CBD8F33218,victim_COM21_tree_none_r1_20260715_013848_telem.csv,victim,2.0,F4:2D:C9:73:E6:19,5,5,-51.0,0.0,-51.0,-51.0,0.0,False,4.0,False,4.0,False,0.0,3.0,,,,0.0,-51.0,0.0,0.0,,,,,0.0,0,4.0,4.0,1.0,True,0.0,"ForwardingRatio,IngressEgressDelta,ConsistencyScore"
425,NODE_B0CBD8F33218,victim_COM21_tree_none_r1_20260715_013848_telem.csv,victim,2.0,F4:2D:C9:73:E6:19,5,5,-51.0,0.0,-51.0,-51.0,0.0,False,4.0,False,4.0,False,0.0,3.0,,,,0.0,-51.0,0.0,0.0,,,,,0.0,0,4.0,4.0,0.9999997500000625,False,0.0,"ForwardingRatio,IngressEgressDelta,ConsistencyScore"
430,NODE_B0CBD8F33218,victim_COM21_tree_none_r1_20260715_013848_telem.csv,victim,2.0,F4:2D:C9:73:E6:19,5,5,-51.0,0.0,-51.0,-51.0,0.0,False,4.0,False,4.0,False,0.0,3.0,,,,0.0,-51.0,0.0,0.0,,,,,0.0,0,4.0,4.0,0.9999997500000625,False,0.0,"ForwardingRatio,IngressEgressDelta,ConsistencyScore"
435,NODE_B0CBD8F33218,victim_COM21_tree_none_r1_20260715_013848_telem.csv,victim,2.0,F4:2D:C9:73:E6:19,5,5,-50.8,0.16,-51.0,-50.0,0.0,False,4.0,False,4.0,False,0.0,3.0,,,,0.0,-50.8,0.16,0.20000000000000284,,,,,0.0,0,4.0,4.0,1.0,True,0.0,"ForwardingRatio,IngressEgressDelta,ConsistencyScore"
440,NODE_B0CBD8F33218,victim_COM21_tree_none_r1_20260715_013848_telem.csv,victim,2.0,F4:2D:C9:73:E6:19,5,5,-51.2,0.16,-52.0,-51.0,0.0,False,4.0,False,4.0,False,0.0,3.0,,,,0.0,-51.2,0.16,0.20000000000000284,,,,,0.0,0,4.0,4.0,0.7499998125000469,False,0.0,"ForwardingRatio,IngressEgressDelta,ConsistencyScore"
445,NODE_B0CBD8F33218,victim_COM21_tree_none_r1_20260715_013848_telem.csv,victim,2.0,F4:2D:C9:73:E6:19,5,5,-53.2,1.3599999999999999,-54.0,-51.0,0.0,False,4.0,False,4.0,False,0.0,3.0,,,,0.0,-53.2,1.3599999999999999,2.200000000000003,,,,,0.0,0,4.0,4.0,0.9999997500000625,False,0.0,"ForwardingRatio,IngressEgressDelta,ConsistencyScore"
450,NODE_B0CBD8F33218,victim_COM21_tree_none_r1_20260715_013848_telem.csv,victim,2.0,F4:2D:C9:73:E6:19,5,5,-53.8,0.16,-54.0,-53.0,0.0,False,5.0,False,5.0,False,0.0,3.0,,,,0.0,-53.8,0.16,2.799999999999997,,,,,0.0,0,4.0,4.0,0.599999880000024,False,0.0,"ForwardingRatio,IngressEgressDelta,ConsistencyScore"
455,NODE_B0CBD8F33218,victim_COM21_tree_none_r1_20260715_013848_telem.csv,victim,2.0,F4:2D:C9:73:E6:19,5,5,-55.2,6.160000000000001,-60.0,-53.0,0.0,False,4.0,False,4.0,False,0.0,3.0,,,,0.0,-55.2,6.160000000000001,4.200000000000003,,,,,0.0,0,4.0,2.0,0.7499998125000469,False,0.0,"ForwardingRatio,IngressEgressDelta,ConsistencyScore"
460,NODE_B0CBD8F33218,victim_COM21_tree_none_r1_20260715_013848_telem.csv,victim,2.0,F4:2D:C9:73:E6:19,5,5,-52.4,0.24,-53.0,-52.0,0.0,False,4.0,False,4.0,False,0.0,3.0,,,,0.0,-52.4,0.24,1.3999999999999986,,,,,0.0,0,4.0,4.0,0.49999987500003124,False,0.0,"ForwardingRatio,IngressEgressDelta,ConsistencyScore"
465,NODE_B0CBD8F33218,victim_COM21_tree_none_r1_20260715_013848_telem.csv,victim,2.0,F4:2D:C9:73:E6:19,5,5,-61.2,26.160000000000004,-68.0,-54.0,0.0,False,4.0,False,4.0,False,0.0,3.0,,,,0.0,-61.2,26.160000000000004,10.200000000000003,,,,,0.0,0,4.0,1.0,0.49999987500003124,False,0.0,"ForwardingRatio,IngressEgressDelta,ConsistencyScore"
470,NODE_B0CBD8F33218,victim_COM21_tree_none_r1_20260715_013848_telem.csv,victim,2.0,F4:2D:C9:73:E6:19,5,5,-55.4,77.03999999999999,-68.0,-47.0,0.0,False,4.0,False,4.0,False,0.0,3.0,,,,0.0,-55.4,77.03999999999999,4.399999999999999,,,,,0.0,0,4.0,0.0,0.9999997500000625,False,0.0,"ForwardingRatio,IngressEgressDelta,ConsistencyScore"
475,NODE_B0CBD8F33218,victim_COM21_tree_none_r1_20260715_013848_telem.csv,victim,2.0,F4:2D:C9:73:E6:19,5,5,-66.0,5.2,-70.0,-63.0,0.0,False,4.0,False,4.0,False,0.0,3.0,,,,0.0,-66.0,5.2,15.0,,,,,0.0,0,4.0,2.0,1.0,True,0.0,"ForwardingRatio,IngressEgressDelta,ConsistencyScore"
480,NODE_B0CBD8F33218,victim_COM21_tree_none_r1_20260715_013848_telem.csv,victim,2.0,F4:2D:C9:73:E6:19,5,5,-63.8,29.360000000000003,-67.0,-53.0,0.0,False,4.0,False,4.0,False,0.0,3.0,,,,0.0,-63.8,29.360000000000003,12.799999999999997,,,,,0.0,0,4.0,1.0,0.24999993750001562,False,0.0,"ForwardingRatio,IngressEgressDelta,ConsistencyScore"
485,NODE_B0CBD8F33218,victim_COM21_tree_none_r1_20260715_013848_telem.csv,victim,2.0,F4:2D:C9:73:E6:19,5,5,-54.8,0.9599999999999997,-56.0,-53.0,0.0,False,2.0,False,2.0,False,0.0,3.0,,,,0.0,-54.8,0.9599999999999997,3.799999999999997,,,,,0.0,0,4.0,4.0,0.0,False,0.0,"ForwardingRatio,IngressEgressDelta,ConsistencyScore"
490,NODE_B0CBD8F33218,victim_COM21_tree_none_r1_20260715_013848_telem.csv,victim,2.0,F4:2D:C9:73:E6:19,5,5,-53.0,0.8,-54.0,-52.0,0.0,False,3.0,False,3.0,False,0.0,3.0,,,,0.0,-53.0,0.8,2.0,,,,,0.0,0,4.0,4.0,0.0,False,0.0,"ForwardingRatio,IngressEgressDelta,ConsistencyScore"
495,NODE_B0CBD8F33218,victim_COM21_tree_none_r1_20260715_013848_telem.csv,victim,2.0,F4:2D:C9:73:E6:19,5,5,-53.4,0.6399999999999999,-55.0,-53.0,0.0,False,2.0,False,2.0,False,0.0,3.0,,,,0.0,-53.4,0.6399999999999999,2.3999999999999986,,,,,0.0,0,4.0,4.0,0.0,False,0.0,"ForwardingRatio,IngressEgressDelta,ConsistencyScore"
500,NODE_B0CBD8F33218,victim_COM21_tree_none_r1_20260715_013848_telem.csv,victim,2.0,F4:2D:C9:73:E6:19,5,5,-53.8,1.3599999999999999,-55.0,-52.0,0.0,False,1.0,False,1.0,False,0.0,3.0,,,,0.0,-53.8,1.3599999999999999,2.799999999999997,,,,,0.0,0,4.0,4.0,0.0,False,0.0,"ForwardingRatio,IngressEgressDelta,ConsistencyScore"
505,NODE_B0CBD8F33218,victim_COM21_tree_none_r1_20260715_013848_telem.csv,victim,2.0,F4:2D:C9:73:E6:19,5,5,-52.2,1.3599999999999999,-53.0,-50.0,0.0,False,2.0,False,2.0,False,0.0,3.0,,,,0.0,-52.2,1.3599999999999999,1.2000000000000028,,,,,0.0,0,4.0,4.0,0.0,False,0.0,"ForwardingRatio,IngressEgressDelta,ConsistencyScore"
510,NODE_B0CBD8F33218,victim_COM21_tree_none_r1_20260715_013848_telem.csv,victim,2.0,F4:2D:C9:73:E6:19,5,5,-53.0,0.0,-53.0,-53.0,0.0,False,2.0,False,2.0,False,0.0,3.0,,,,0.0,-53.0,0.0,2.0,,,,,0.0,0,4.0,4.0,0.0,False,0.0,"ForwardingRatio,IngressEgressDelta,ConsistencyScore"
515,NODE_B0CBD8F33218,victim_COM21_tree_none_r1_20260715_013848_telem.csv,victim,2.0,F4:2D:C9:73:E6:19,5,5,-53.4,0.24,-54.0,-53.0,0.0,False,3.0,False,3.0,False,0.0,3.0,,,,0.0,-53.4,0.24,2.3999999999999986,,,,,0.0,0,4.0,4.0,0.0,False,0.0,"ForwardingRatio,IngressEgressDelta,ConsistencyScore"
520,NODE_B0CBD8F33218,victim_COM21_tree_none_r1_20260715_013848_telem.csv,victim,2.0,F4:2D:C9:73:E6:19,5,5,-53.0,0.4,-54.0,-52.0,0.0,False,4.0,False,4.0,False,0.0,3.0,,,,0.0,-53.0,0.4,2.0,,,,,0.0,0,4.0,4.0,0.0,False,0.0,"ForwardingRatio,IngressEgressDelta,ConsistencyScore"
0,NODE_B4BFE932FE90,victim_COM25_tree_none_r1_20260715_014135_telem.csv,victim,2.0,F4:2D:C9:73:E6:19,4,5,-11.75,0.1875,-12.0,-11.0,0.0,False,1.0,False,1.0,False,0.0,0.0,,,,0.0,-11.75,0.1875,39.25,,,,,0.0,0,4.0,4.0,1.0,True,0.0,"ForwardingRatio,IngressEgressDelta,ConsistencyScore"
5,NODE_B4BFE932FE90,victim_COM25_tree_none_r1_20260715_014135_telem.csv,victim,2.0,F4:2D:C9:73:E6:19,5,5,-11.6,0.24,-12.0,-11.0,0.0,False,0.0,False,0.0,False,0.0,0.0,,,,0.0,-11.6,0.24,39.4,,,,,0.0,0,4.0,4.0,1.0,True,0.0,"ForwardingRatio,IngressEgressDelta,ConsistencyScore"
10,NODE_B4BFE932FE90,victim_COM25_tree_none_r1_20260715_014135_telem.csv,victim,2.0,F4:2D:C9:73:E6:19,5,5,-10.4,0.24000000000000005,-11.0,-10.0,0.0,False,0.0,False,0.0,False,0.0,0.0,,,,0.0,-10.4,0.24000000000000005,40.6,,,,,0.0,0,4.0,4.0,1.0,True,0.0,"ForwardingRatio,IngressEgressDelta,ConsistencyScore"
15,NODE_B4BFE932FE90,victim_COM25_tree_none_r1_20260715_014135_telem.csv,victim,2.0,F4:2D:C9:73:E6:19,5,5,-10.2,0.15999999999999998,-11.0,-10.0,0.0,False,0.0,False,0.0,False,0.0,0.0,,,,0.0,-10.2,0.15999999999999998,40.8,,,,,0.0,0,4.0,4.0,1.0,True,0.0,"ForwardingRatio,IngressEgressDelta,ConsistencyScore"
20,NODE_B4BFE932FE90,victim_COM25_tree_none_r1_20260715_014135_telem.csv,victim,2.0,F4:2D:C9:73:E6:19,4,5,-10.0,0.0,-10.0,-10.0,0.0,False,0.0,False,0.0,False,0.0,0.0,,,,0.0,-10.0,0.0,41.0,,,,,0.0,0,4.0,4.0,1.0,True,0.0,"ForwardingRatio,IngressEgressDelta,ConsistencyScore"
25,NODE_B4BFE932FE90,victim_COM25_tree_none_r1_20260715_014135_telem.csv,victim,2.0,F4:2D:C9:73:E6:19,5,5,-10.0,0.0,-10.0,-10.0,0.0,False,0.0,False,0.0,False,0.0,0.0,,,,0.0,-10.0,0.0,41.0,,,,,0.0,0,4.0,4.0,1.0,True,0.0,"ForwardingRatio,IngressEgressDelta,ConsistencyScore"
30,NODE_B4BFE932FE90,victim_COM25_tree_none_r1_20260715_014135_telem.csv,victim,-1.0,00:00:00:00:00:00,5,5,-8.0,16.0,-10.0,0.0,4.0,False,0.0,False,0.0,False,0.0,0.0,,,,0.9999997500000625,-8.0,16.0,8.899999999999999,,,,,0.25,1,3.0,3.0,1.0,True,0.0,"ForwardingRatio,IngressEgressDelta,ConsistencyScore"
35,NODE_B4BFE932FE90,victim_COM25_tree_none_r1_20260715_014135_telem.csv,victim,-1.0,00:00:00:00:00:00,4,5,-7.5,18.75,-10.0,0.0,4.0,False,0.0,False,0.0,False,0.0,0.0,,,,0.9999997500000625,-7.5,18.75,9.399999999999999,,,,,0.0,0,4.0,2.0,1.0,True,0.0,"ForwardingRatio,IngressEgressDelta,ConsistencyScore"
40,NODE_B4BFE932FE90,victim_COM25_tree_none_r1_20260715_014135_telem.csv,victim,2.0,F4:2D:C9:73:E6:19,5,5,-10.6,0.24,-11.0,-10.0,0.0,False,4.0,False,4.0,False,0.0,0.0,,,,0.0,-10.6,0.24,40.4,,,,,0.0,0,4.0,4.0,1.0,True,0.0,"ForwardingRatio,IngressEgressDelta,ConsistencyScore"
45,NODE_B4BFE932FE90,victim_COM25_tree_none_r1_20260715_014135_telem.csv,victim,2.0,F4:2D:C9:73:E6:19,5,5,-10.8,0.16,-11.0,-10.0,0.0,False,4.0,False,4.0,False,0.0,0.0,,,,0.0,-10.8,0.16,40.2,,,,,0.0,0,4.0,4.0,1.0,True,0.0,"ForwardingRatio,IngressEgressDelta,ConsistencyScore"
50,NODE_B4BFE932FE90,victim_COM25_tree_none_r1_20260715_014135_telem.csv,victim,2.0,F4:2D:C9:73:E6:19,5,5,-10.8,0.15999999999999998,-11.0,-10.0,0.0,False,4.0,False,4.0,False,0.0,0.0,,,,0.0,-10.8,0.15999999999999998,40.2,,,,,0.0,0,4.0,4.0,1.0,True,0.0,"ForwardingRatio,IngressEgressDelta,ConsistencyScore"
55,NODE_B4BFE932FE90,victim_COM25_tree_none_r1_20260715_014135_telem.csv,victim,2.0,F4:2D:C9:73:E6:19,5,5,-11.0,0.0,-11.0,-11.0,0.0,False,4.0,False,4.0,False,0.0,0.0,,,,0.0,-11.0,0.0,40.0,,,,,0.0,0,4.0,4.0,1.0,True,0.0,"ForwardingRatio,IngressEgressDelta,ConsistencyScore"
60,NODE_B4BFE932FE90,victim_COM25_tree_none_r1_20260715_014135_telem.csv,victim,2.0,F4:2D:C9:73:E6:19,5,5,-10.4,0.24000000000000005,-11.0,-10.0,0.0,False,4.0,False,4.0,False,0.0,0.0,,,,0.0,-10.4,0.24000000000000005,40.6,,,,,0.0,0,4.0,4.0,1.0,True,0.0,"ForwardingRatio,IngressEgressDelta,ConsistencyScore"
65,NODE_B4BFE932FE90,victim_COM25_tree_none_r1_20260715_014135_telem.csv,victim,2.0,F4:2D:C9:73:E6:19,5,5,-10.0,0.0,-10.0,-10.0,0.0,False,4.0,False,4.0,False,0.0,0.0,,,,0.0,-10.0,0.0,41.0,,,,,0.0,0,4.0,4.0,1.0,True,0.0,"ForwardingRatio,IngressEgressDelta,ConsistencyScore"
70,NODE_B4BFE932FE90,victim_COM25_tree_none_r1_20260715_014135_telem.csv,victim,2.0,F4:2D:C9:73:E6:19,5,5,-10.0,0.0,-10.0,-10.0,0.0,False,4.0,False,4.0,False,0.0,0.0,,,,0.0,-10.0,0.0,41.0,,,,,0.0,0,4.0,4.0,1.0,True,0.0,"ForwardingRatio,IngressEgressDelta,ConsistencyScore"
75,NODE_B4BFE932FE90,victim_COM25_tree_none_r1_20260715_014135_telem.csv,victim,2.0,F4:2D:C9:73:E6:19,5,5,-10.0,0.0,-10.0,-10.0,0.0,False,4.0,False,4.0,False,0.0,0.0,,,,0.0,-10.0,0.0,41.0,,,,,0.0,0,4.0,4.0,1.0,True,0.0,"ForwardingRatio,IngressEgressDelta,ConsistencyScore"
80,NODE_B4BFE932FE90,victim_COM25_tree_none_r1_20260715_014135_telem.csv,victim,2.0,F4:2D:C9:73:E6:19,5,5,-10.4,0.24000000000000005,-11.0,-10.0,0.0,False,4.0,False,4.0,False,0.0,0.0,,,,0.0,-10.4,0.24000000000000005,40.6,,,,,0.0,0,4.0,4.0,0.9999997500000625,False,0.0,"ForwardingRatio,IngressEgressDelta,ConsistencyScore"
85,NODE_B4BFE932FE90,victim_COM25_tree_none_r1_20260715_014135_telem.csv,victim,2.0,F4:2D:C9:73:E6:19,5,5,-10.8,0.15999999999999998,-11.0,-10.0,0.0,False,4.0,False,4.0,False,0.0,0.0,,,,0.0,-10.8,0.15999999999999998,40.2,,,,,0.0,0,4.0,4.0,1.0,True,0.0,"ForwardingRatio,IngressEgressDelta,ConsistencyScore"
90,NODE_B4BFE932FE90,victim_COM25_tree_none_r1_20260715_014135_telem.csv,victim,2.0,F4:2D:C9:73:E6:19,5,5,-10.8,0.15999999999999998,-11.0,-10.0,0.0,False,4.0,False,4.0,False,0.0,0.0,,,,0.0,-10.8,0.15999999999999998,40.2,,,,,0.0,0,4.0,4.0,1.0,True,0.0,"ForwardingRatio,IngressEgressDelta,ConsistencyScore"
95,NODE_B4BFE932FE90,victim_COM25_tree_none_r1_20260715_014135_telem.csv,victim,2.0,F4:2D:C9:73:E6:19,5,5,-11.0,0.0,-11.0,-11.0,0.0,False,4.0,False,4.0,False,0.0,0.0,,,,0.0,-11.0,0.0,40.0,,,,,0.0,0,4.0,4.0,1.0,True,0.0,"ForwardingRatio,IngressEgressDelta,ConsistencyScore"
105,NODE_B4BFE932FE90,victim_COM25_tree_none_r1_20260715_014135_telem.csv,victim,2.0,F4:2D:C9:73:E6:19,4,5,-10.5,0.25,-11.0,-10.0,0.0,False,4.0,False,4.0,False,0.0,0.0,,,,0.0,-10.5,0.25,40.5,,,,,0.0,0,4.0,4.0,1.0,True,0.0,"ForwardingRatio,IngressEgressDelta,ConsistencyScore"
110,NODE_B4BFE932FE90,victim_COM25_tree_none_r1_20260715_014135_telem.csv,victim,2.0,F4:2D:C9:73:E6:19,5,5,-10.6,0.24000000000000005,-11.0,-10.0,0.0,False,4.0,False,4.0,False,0.0,0.0,,,,0.0,-10.6,0.24000000000000005,40.4,,,,,0.0,0,4.0,4.0,1.0,True,0.0,"ForwardingRatio,IngressEgressDelta,ConsistencyScore"
135,NODE_B4BFE932FE90,victim_COM25_tree_none_r1_20260715_014135_telem.csv,victim,2.0,F4:2D:C9:73:E6:19,4,5,-10.25,0.1875,-11.0,-10.0,0.0,False,4.0,False,4.0,False,0.0,0.0,,,,0.0,-10.25,0.1875,40.75,,,,,0.0,0,4.0,4.0,1.0,True,0.0,"ForwardingRatio,IngressEgressDelta,ConsistencyScore"
140,NODE_B4BFE932FE90,victim_COM25_tree_none_r1_20260715_014135_telem.csv,victim,2.0,F4:2D:C9:73:E6:19,5,5,-10.8,0.15999999999999998,-11.0,-10.0,0.0,False,4.0,False,4.0,False,0.0,0.0,,,,0.0,-10.8,0.15999999999999998,40.2,,,,,0.0,0,4.0,4.0,1.0,True,0.0,"ForwardingRatio,IngressEgressDelta,ConsistencyScore"
165,NODE_B4BFE932FE90,victim_COM25_tree_none_r1_20260715_014135_telem.csv,victim,2.0,F4:2D:C9:73:E6:19,4,5,-11.0,0.0,-11.0,-11.0,0.0,False,2.0,False,2.0,False,0.0,0.0,,,,0.0,-11.0,0.0,40.0,,,,,0.0,0,3.0,3.0,1.0,True,0.0,"ForwardingRatio,IngressEgressDelta,ConsistencyScore"
170,NODE_B4BFE932FE90,victim_COM25_tree_none_r1_20260715_014135_telem.csv,victim,2.0,F4:2D:C9:73:E6:19,4,5,-11.0,0.0,-11.0,-11.0,0.0,False,2.0,False,2.0,False,0.0,0.0,,,,0.0,-11.0,0.0,40.0,,,,,0.0,0,3.0,3.0,1.0,True,0.0,"ForwardingRatio,IngressEgressDelta,ConsistencyScore"
180,NODE_B4BFE932FE90,victim_COM25_tree_none_r1_20260715_014135_telem.csv,victim,2.0,F4:2D:C9:73:E6:19,4,5,-11.0,0.0,-11.0,-11.0,0.0,False,4.0,False,4.0,False,0.0,0.0,,,,0.0,-11.0,0.0,40.0,,,,,0.0,0,3.0,3.0,1.0,True,0.0,"ForwardingRatio,IngressEgressDelta,ConsistencyScore"
185,NODE_B4BFE932FE90,victim_COM25_tree_none_r1_20260715_014135_telem.csv,victim,2.0,F4:2D:C9:73:E6:19,4,5,-10.75,0.1875,-11.0,-10.0,0.0,False,4.0,False,4.0,False,0.0,0.0,,,,0.0,-10.75,0.1875,40.25,,,,,0.0,0,4.0,4.0,1.0,True,0.0,"ForwardingRatio,IngressEgressDelta,ConsistencyScore"
190,NODE_B4BFE932FE90,victim_COM25_tree_none_r1_20260715_014135_telem.csv,victim,2.0,F4:2D:C9:73:E6:19,5,5,-10.6,0.24,-11.0,-10.0,0.0,False,4.0,False,4.0,False,0.0,0.0,,,,0.0,-10.6,0.24,40.4,,,,,0.0,0,4.0,4.0,0.9999997500000625,False,0.0,"ForwardingRatio,IngressEgressDelta,ConsistencyScore"
195,NODE_B4BFE932FE90,victim_COM25_tree_none_r1_20260715_014135_telem.csv,victim,2.0,F4:2D:C9:73:E6:19,4,5,-23.0,74.0,-35.0,-11.0,0.0,False,4.0,False,4.0,False,0.0,0.0,,,,0.0,-23.0,74.0,28.0,,,,,0.0,0,4.0,2.0,1.0,True,0.0,"ForwardingRatio,IngressEgressDelta,ConsistencyScore"
200,NODE_B4BFE932FE90,victim_COM25_tree_none_r1_20260715_014135_telem.csv,victim,2.0,F4:2D:C9:73:E6:19,5,5,-42.8,29.360000000000003,-49.0,-33.0,0.0,False,4.0,False,4.0,False,0.0,0.0,,,,0.0,-42.8,29.360000000000003,8.200000000000003,,,,,0.0,0,4.0,1.0,1.0,True,0.0,"ForwardingRatio,IngressEgressDelta,ConsistencyScore"
205,NODE_B4BFE932FE90,victim_COM25_tree_none_r1_20260715_014135_telem.csv,victim,2.0,F4:2D:C9:73:E6:19,5,5,-31.4,35.44,-40.0,-25.0,0.0,False,4.0,False,4.0,False,0.0,0.0,,,,0.0,-31.4,35.44,19.6,,,,,0.0,0,4.0,0.0,1.0,True,0.0,"ForwardingRatio,IngressEgressDelta,ConsistencyScore"
210,NODE_B4BFE932FE90,victim_COM25_tree_none_r1_20260715_014135_telem.csv,victim,2.0,F4:2D:C9:73:E6:19,5,5,-31.2,0.15999999999999998,-32.0,-31.0,0.0,False,4.0,False,4.0,False,0.0,0.0,,,,0.0,-31.2,0.15999999999999998,19.8,,,,,0.0,0,4.0,4.0,1.0,True,0.0,"ForwardingRatio,IngressEgressDelta,ConsistencyScore"
215,NODE_B4BFE932FE90,victim_COM25_tree_none_r1_20260715_014135_telem.csv,victim,2.0,F4:2D:C9:73:E6:19,5,5,-31.0,0.0,-31.0,-31.0,0.0,False,4.0,False,4.0,False,0.0,0.0,,,,0.0,-31.0,0.0,20.0,,,,,0.0,0,4.0,4.0,1.0,True,0.0,"ForwardingRatio,IngressEgressDelta,ConsistencyScore"
220,NODE_B4BFE932FE90,victim_COM25_tree_none_r1_20260715_014135_telem.csv,victim,2.0,F4:2D:C9:73:E6:19,5,5,-30.0,4.0,-31.0,-26.0,0.0,False,3.0,False,3.0,False,0.0,0.0,,,,0.0,-30.0,4.0,21.0,,,,,0.0,0,4.0,3.0,1.0,True,0.0,"ForwardingRatio,IngressEgressDelta,ConsistencyScore"
225,NODE_B4BFE932FE90,victim_COM25_tree_none_r1_20260715_014135_telem.csv,victim,2.0,F4:2D:C9:73:E6:19,5,5,-31.0,0.0,-31.0,-31.0,0.0,False,3.0,False,3.0,False,0.0,0.0,,,,0.0,-31.0,0.0,20.0,,,,,0.0,0,4.0,4.0,1.0,True,0.0,"ForwardingRatio,IngressEgressDelta,ConsistencyScore"
240,NODE_B4BFE932FE90,victim_COM25_tree_none_r1_20260715_014135_telem.csv,victim,2.0,F4:2D:C9:73:E6:19,4,5,-31.75,0.1875,-32.0,-31.0,0.0,False,3.0,False,3.0,False,0.0,0.0,,,,0.0,-31.75,0.1875,19.25,,,,,0.0,0,4.0,4.0,1.0,True,0.0,"ForwardingRatio,IngressEgressDelta,ConsistencyScore"
255,NODE_B4BFE932FE90,victim_COM25_tree_none_r1_20260715_014135_telem.csv,victim,2.0,F4:2D:C9:73:E6:19,4,5,-30.0,5.5,-32.0,-26.0,0.0,False,3.0,False,3.0,False,0.0,0.0,,,,0.0,-30.0,5.5,21.0,,,,,0.0,0,3.0,2.0,1.0,True,0.0,"ForwardingRatio,IngressEgressDelta,ConsistencyScore"
280,NODE_B4BFE932FE90,victim_COM25_tree_none_r1_20260715_014135_telem.csv,victim,2.0,F4:2D:C9:73:E6:19,4,5,-31.0,0.0,-31.0,-31.0,0.0,False,3.0,False,3.0,False,0.0,0.0,,,,0.0,-31.0,0.0,20.0,,,,,0.0,0,3.0,3.0,1.0,True,0.0,"ForwardingRatio,IngressEgressDelta,ConsistencyScore"
285,NODE_B4BFE932FE90,victim_COM25_tree_none_r1_20260715_014135_telem.csv,victim,2.0,F4:2D:C9:73:E6:19,4,5,-31.0,0.0,-31.0,-31.0,0.0,False,4.0,False,4.0,False,0.0,0.0,,,,0.0,-31.0,0.0,20.0,,,,,0.0,0,4.0,4.0,1.0,True,0.0,"ForwardingRatio,IngressEgressDelta,ConsistencyScore"
290,NODE_B4BFE932FE90,victim_COM25_tree_none_r1_20260715_014135_telem.csv,victim,2.0,F4:2D:C9:73:E6:19,5,5,-31.0,0.0,-31.0,-31.0,0.0,False,4.0,False,4.0,False,0.0,0.0,,,,0.0,-31.0,0.0,20.0,,,,,0.0,0,4.0,4.0,1.0,True,0.0,"ForwardingRatio,IngressEgressDelta,ConsistencyScore"
295,NODE_B4BFE932FE90,victim_COM25_tree_none_r1_20260715_014135_telem.csv,victim,2.0,F4:2D:C9:73:E6:19,4,5,-31.0,0.5,-32.0,-30.0,0.0,False,4.0,False,4.0,False,0.0,0.0,,,,0.0,-31.0,0.5,20.0,,,,,0.0,0,4.0,4.0,1.0,True,0.0,"ForwardingRatio,IngressEgressDelta,ConsistencyScore"
305,NODE_B4BFE932FE90,victim_COM25_tree_none_r1_20260715_014135_telem.csv,victim,2.0,F4:2D:C9:73:E6:19,4,5,-31.25,0.1875,-32.0,-31.0,0.0,False,4.0,False,4.0,False,0.0,0.0,,,,0.0,-31.25,0.1875,19.75,,,,,0.0,0,4.0,4.0,1.0,True,0.0,"ForwardingRatio,IngressEgressDelta,ConsistencyScore"
310,NODE_B4BFE932FE90,victim_COM25_tree_none_r1_20260715_014135_telem.csv,victim,2.0,F4:2D:C9:73:E6:19,4,5,-31.25,0.1875,-32.0,-31.0,0.0,False,3.0,False,3.0,False,0.0,0.0,,,,0.0,-31.25,0.1875,19.75,,,,,0.0,0,3.0,3.0,1.0,True,0.0,"ForwardingRatio,IngressEgressDelta,ConsistencyScore"
315,NODE_B4BFE932FE90,victim_COM25_tree_none_r1_20260715_014135_telem.csv,victim,2.0,F4:2D:C9:73:E6:19,5,5,-31.2,0.15999999999999998,-32.0,-31.0,0.0,False,4.0,False,4.0,False,0.0,0.0,,,,0.0,-31.2,0.15999999999999998,19.8,,,,,0.0,0,4.0,4.0,1.0,True,0.0,"ForwardingRatio,IngressEgressDelta,ConsistencyScore"
340,NODE_B4BFE932FE90,victim_COM25_tree_none_r1_20260715_014135_telem.csv,victim,2.0,F4:2D:C9:73:E6:19,4,5,-31.25,0.1875,-32.0,-31.0,0.0,False,5.0,False,5.0,False,0.0,0.0,,,,0.0,-31.25,0.1875,19.75,,,,,0.0,0,4.0,4.0,0.99999980000004,False,0.0,"ForwardingRatio,IngressEgressDelta,ConsistencyScore"
0,NODE_B4BFE934ED80,victim_COM26_tree_none_r1_20260715_014236_telem.csv,victim,2.0,F4:2D:C9:73:E6:19,5,5,-46.2,0.9599999999999997,-48.0,-45.0,0.0,False,1.0,False,1.0,False,0.0,0.0,,,,0.0,-46.2,0.9599999999999997,4.799999999999997,,,,,0.0,0,4.0,4.0,1.0,True,0.0,"ForwardingRatio,IngressEgressDelta,ConsistencyScore"
5,NODE_B4BFE934ED80,victim_COM26_tree_none_r1_20260715_014236_telem.csv,victim,2.0,F4:2D:C9:73:E6:19,5,5,-33.6,0.24,-34.0,-33.0,0.0,False,4.0,False,4.0,False,0.0,0.0,,,,0.0,-33.6,0.24,17.4,,,,,0.0,0,4.0,4.0,1.0,True,0.0,"ForwardingRatio,IngressEgressDelta,ConsistencyScore"
10,NODE_B4BFE934ED80,victim_COM26_tree_none_r1_20260715_014236_telem.csv,victim,2.0,F4:2D:C9:73:E6:19,5,5,-34.0,0.8,-35.0,-33.0,0.0,False,4.0,False,4.0,False,0.0,0.0,,,,0.0,-34.0,0.8,17.0,,,,,0.0,0,4.0,4.0,1.0,True,0.0,"ForwardingRatio,IngressEgressDelta,ConsistencyScore"
15,NODE_B4BFE934ED80,victim_COM26_tree_none_r1_20260715_014236_telem.csv,victim,2.0,F4:2D:C9:73:E6:19,5,5,-33.6,0.6399999999999999,-35.0,-33.0,0.0,False,3.0,False,3.0,False,0.0,0.0,,,,0.0,-33.6,0.6399999999999999,17.4,,,,,0.0,0,4.0,4.0,1.0,True,0.0,"ForwardingRatio,IngressEgressDelta,ConsistencyScore"
20,NODE_B4BFE934ED80,victim_COM26_tree_none_r1_20260715_014236_telem.csv,victim,2.0,00:00:00:00:00:00,5,5,-38.2,30.96,-45.0,-33.0,6.0,False,0.0,True,0.0,True,0.0,0.0,,,,0.9999998333333611,-38.2,30.96,12.799999999999997,,,,,0.75,3,1.0,0.0,1.0,True,0.0,"ForwardingRatio,IngressEgressDelta,ConsistencyScore"
25,NODE_B4BFE934ED80,victim_COM26_tree_none_r1_20260715_014236_telem.csv,victim,2.0,F4:2D:C9:73:E6:19,5,5,-40.6,138.64000000000001,-64.0,-33.0,0.0,False,4.0,False,4.0,False,0.0,0.0,,,,0.0,-40.6,138.64000000000001,10.399999999999999,,,,,0.0,0,4.0,0.0,1.0,True,0.0,"ForwardingRatio,IngressEgressDelta,ConsistencyScore"
30,NODE_B4BFE934ED80,victim_COM26_tree_none_r1_20260715_014236_telem.csv,victim,2.0,F4:2D:C9:73:E6:19,5,5,-51.0,208.4,-65.0,-33.0,0.0,True,25.0,False,25.0,False,0.0,0.0,,,,0.0,-51.0,208.4,0.0,,,,,0.0,0,4.0,0.0,0.19999999200000032,False,0.0,"ForwardingRatio,IngressEgressDelta,ConsistencyScore"
35,NODE_B4BFE934ED80,victim_COM26_tree_none_r1_20260715_014236_telem.csv,victim,2.0,F4:2D:C9:73:E6:19,5,5,-51.0,96.0,-63.0,-33.0,0.0,False,4.0,False,4.0,False,0.0,0.0,,,,0.0,-51.0,96.0,0.0,,,,,0.0,0,4.0,2.0,1.0,True,0.0,"ForwardingRatio,IngressEgressDelta,ConsistencyScore"
40,NODE_B4BFE934ED80,victim_COM26_tree_none_r1_20260715_014236_telem.csv,victim,2.0,F4:2D:C9:73:E6:19,5,5,-29.0,159.2,-54.0,-21.0,0.0,False,4.0,False,4.0,False,0.0,0.0,,,,0.0,-29.0,159.2,22.0,,,,,0.0,0,4.0,1.0,1.0,True,0.0,"ForwardingRatio,IngressEgressDelta,ConsistencyScore"
45,NODE_B4BFE934ED80,victim_COM26_tree_none_r1_20260715_014236_telem.csv,victim,2.0,F4:2D:C9:73:E6:19,5,5,-41.2,553.36,-71.0,-22.0,0.0,True,25.0,False,25.0,False,0.0,0.0,,,,0.0,-41.2,553.36,9.799999999999997,,,,,0.0,0,4.0,0.0,0.19999999200000032,False,0.0,"ForwardingRatio,IngressEgressDelta,ConsistencyScore"
50,NODE_B4BFE934ED80,victim_COM26_tree_none_r1_20260715_014236_telem.csv,victim,2.0,F4:2D:C9:73:E6:19,5,5,-40.6,230.64000000000001,-53.0,-22.0,9.0,False,0.0,True,0.0,True,0.0,0.0,,,,0.9999998888889013,-40.6,230.64000000000001,10.399999999999999,,,,,0.0,0,4.0,0.0,1.0,True,0.0,"ForwardingRatio,IngressEgressDelta,ConsistencyScore"
55,NODE_B4BFE934ED80,victim_COM26_tree_none_r1_20260715_014236_telem.csv,victim,2.0,F4:2D:C9:73:E6:19,5,5,-28.4,163.84,-54.0,-22.0,0.0,False,4.0,False,4.0,False,0.0,0.0,,,,0.0,-28.4,163.84,22.6,,,,,0.0,0,4.0,0.0,1.0,True,0.0,"ForwardingRatio,IngressEgressDelta,ConsistencyScore"
60,NODE_B4BFE934ED80,victim_COM26_tree_none_r1_20260715_014236_telem.csv,victim,2.0,F4:2D:C9:73:E6:19,5,5,-41.0,542.0,-70.0,-21.0,0.0,False,4.0,False,4.0,False,0.0,0.0,,,,0.0,-41.0,542.0,10.0,,,,,0.0,0,4.0,0.0,1.0,True,0.0,"ForwardingRatio,IngressEgressDelta,ConsistencyScore"
65,NODE_B4BFE934ED80,victim_COM26_tree_none_r1_20260715_014236_telem.csv,victim,2.0,F4:2D:C9:73:E6:19,5,5,-32.4,412.23999999999995,-73.0,-22.0,0.0,False,4.0,False,4.0,False,0.0,0.0,,,,0.0,-32.4,412.23999999999995,18.6,,,,,0.0,0,4.0,0.0,1.0,True,0.0,"ForwardingRatio,IngressEgressDelta,ConsistencyScore"
70,NODE_B4BFE934ED80,victim_COM26_tree_none_r1_20260715_014236_telem.csv,victim,2.0,F4:2D:C9:73:E6:19,5,5,-39.6,274.64,-56.0,-19.0,0.0,False,4.0,False,4.0,False,0.0,0.0,,,,0.0,-39.6,274.64,11.399999999999999,,,,,0.0,0,4.0,0.0,1.0,True,0.0,"ForwardingRatio,IngressEgressDelta,ConsistencyScore"
75,NODE_B4BFE934ED80,victim_COM26_tree_none_r1_20260715_014236_telem.csv,victim,2.0,F4:2D:C9:73:E6:19,5,5,-49.6,5.039999999999999,-53.0,-46.0,0.0,True,25.0,False,25.0,False,0.0,0.0,,,,0.0,-49.6,5.039999999999999,1.3999999999999986,,,,,0.0,0,4.0,2.0,0.19999999200000032,False,0.0,"ForwardingRatio,IngressEgressDelta,ConsistencyScore"
80,NODE_B4BFE934ED80,victim_COM26_tree_none_r1_20260715_014236_telem.csv,victim,2.0,F4:2D:C9:73:E6:19,5,5,-52.6,4.640000000000001,-55.0,-50.0,0.0,False,4.0,False,4.0,False,0.0,0.0,,,,0.0,-52.6,4.640000000000001,1.6000000000000014,,,,,0.0,0,4.0,4.0,1.0,True,0.0,"ForwardingRatio,IngressEgressDelta,ConsistencyScore"
85,NODE_B4BFE934ED80,victim_COM26_tree_none_r1_20260715_014236_telem.csv,victim,2.0,F4:2D:C9:73:E6:19,5,5,-50.8,2.56,-54.0,-50.0,0.0,True,26.0,False,26.0,False,0.0,0.0,,,,0.0,-50.8,2.56,0.20000000000000284,,,,,0.0,0,4.0,3.0,0.1923076849112429,False,0.0,"ForwardingRatio,IngressEgressDelta,ConsistencyScore"
90,NODE_B4BFE934ED80,victim_COM26_tree_none_r1_20260715_014236_telem.csv,victim,2.0,F4:2D:C9:73:E6:19,5,5,-53.6,0.6399999999999999,-55.0,-53.0,0.0,False,4.0,False,4.0,False,0.0,0.0,,,,0.0,-53.6,0.6399999999999999,2.6000000000000014,,,,,0.0,0,4.0,4.0,1.0,True,0.0,"ForwardingRatio,IngressEgressDelta,ConsistencyScore"
95,NODE_B4BFE934ED80,victim_COM26_tree_none_r1_20260715_014236_telem.csv,victim,2.0,F4:2D:C9:73:E6:19,5,5,-61.6,9.440000000000001,-65.0,-57.0,0.0,False,4.0,False,4.0,False,0.0,0.0,,,,0.0,-61.6,9.440000000000001,10.600000000000001,,,,,0.0,0,4.0,2.0,0.9999997500000625,False,0.0,"ForwardingRatio,IngressEgressDelta,ConsistencyScore"
100,NODE_B4BFE934ED80,victim_COM26_tree_none_r1_20260715_014236_telem.csv,victim,2.0,F4:2D:C9:73:E6:19,5,5,-52.8,1.7599999999999998,-55.0,-51.0,0.0,False,4.0,False,4.0,False,0.0,0.0,,,,0.0,-52.8,1.7599999999999998,1.7999999999999972,,,,,0.0,0,4.0,4.0,1.0,True,0.0,"ForwardingRatio,IngressEgressDelta,ConsistencyScore"
105,NODE_B4BFE934ED80,victim_COM26_tree_none_r1_20260715_014236_telem.csv,victim,2.0,F4:2D:C9:73:E6:19,5,5,-56.2,0.5599999999999999,-57.0,-55.0,0.0,True,25.0,False,25.0,False,0.0,0.0,,,,0.0,-56.2,0.5599999999999999,5.200000000000003,,,,,0.0,0,4.0,4.0,0.19999999200000032,False,0.0,"ForwardingRatio,IngressEgressDelta,ConsistencyScore"
110,NODE_B4BFE934ED80,victim_COM26_tree_none_r1_20260715_014236_telem.csv,victim,2.0,F4:2D:C9:73:E6:19,5,5,-57.0,2.0,-59.0,-55.0,0.0,False,4.0,False,4.0,False,0.0,0.0,,,,0.0,-57.0,2.0,6.0,,,,,0.0,0,4.0,4.0,1.0,True,0.0,"ForwardingRatio,IngressEgressDelta,ConsistencyScore"
115,NODE_B4BFE934ED80,victim_COM26_tree_none_r1_20260715_014236_telem.csv,victim,2.0,F4:2D:C9:73:E6:19,5,5,-53.0,11.2,-59.0,-50.0,0.0,False,4.0,False,4.0,False,0.0,0.0,,,,0.0,-53.0,11.2,2.0,,,,,0.0,0,4.0,3.0,1.0,True,0.0,"ForwardingRatio,IngressEgressDelta,ConsistencyScore"
120,NODE_B4BFE934ED80,victim_COM26_tree_none_r1_20260715_014236_telem.csv,victim,2.0,F4:2D:C9:73:E6:19,5,5,-60.0,34.0,-68.0,-54.0,0.0,False,4.0,False,4.0,False,0.0,0.0,,,,0.0,-60.0,34.0,9.0,,,,,0.0,0,4.0,1.0,1.0,True,0.0,"ForwardingRatio,IngressEgressDelta,ConsistencyScore"
125,NODE_B4BFE934ED80,victim_COM26_tree_none_r1_20260715_014236_telem.csv,victim,2.0,F4:2D:C9:73:E6:19,5,5,-54.2,5.760000000000001,-59.0,-53.0,0.0,False,4.0,False,4.0,False,0.0,0.0,,,,0.0,-54.2,5.760000000000001,3.200000000000003,,,,,0.0,0,4.0,2.0,1.0,True,0.0,"ForwardingRatio,IngressEgressDelta,ConsistencyScore"
130,NODE_B4BFE934ED80,victim_COM26_tree_none_r1_20260715_014236_telem.csv,victim,2.0,F4:2D:C9:73:E6:19,5,5,-55.2,23.759999999999998,-62.0,-50.0,0.0,False,4.0,False,4.0,False,0.0,0.0,,,,0.0,-55.2,23.759999999999998,4.200000000000003,,,,,0.0,0,4.0,0.0,1.0,True,0.0,"ForwardingRatio,IngressEgressDelta,ConsistencyScore"
135,NODE_B4BFE934ED80,victim_COM26_tree_none_r1_20260715_014236_telem.csv,victim,2.0,F4:2D:C9:73:E6:19,5,5,-52.0,3.2,-55.0,-50.0,0.0,False,4.0,False,4.0,False,0.0,0.0,,,,0.0,-52.0,3.2,1.0,,,,,0.0,0,4.0,4.0,1.0,True,0.0,"ForwardingRatio,IngressEgressDelta,ConsistencyScore"
140,NODE_B4BFE934ED80,victim_COM26_tree_none_r1_20260715_014236_telem.csv,victim,2.0,F4:2D:C9:73:E6:19,5,5,-51.2,6.960000000000001,-56.0,-49.0,0.0,False,4.0,False,4.0,False,0.0,0.0,,,,0.0,-51.2,6.960000000000001,0.20000000000000284,,,,,0.0,0,4.0,3.0,1.0,True,0.0,"ForwardingRatio,IngressEgressDelta,ConsistencyScore"
145,NODE_B4BFE934ED80,victim_COM26_tree_none_r1_20260715_014236_telem.csv,victim,2.0,F4:2D:C9:73:E6:19,5,5,-51.8,2.1599999999999997,-54.0,-50.0,0.0,False,4.0,False,4.0,False,0.0,0.0,,,,0.0,-51.8,2.1599999999999997,0.7999999999999972,,,,,0.0,0,4.0,4.0,1.0,True,0.0,"ForwardingRatio,IngressEgressDelta,ConsistencyScore"
150,NODE_B4BFE934ED80,victim_COM26_tree_none_r1_20260715_014236_telem.csv,victim,2.0,F4:2D:C9:73:E6:19,5,5,-54.0,20.0,-62.0,-49.0,0.0,True,25.0,False,25.0,False,0.0,0.0,,,,0.0,-54.0,20.0,3.0,,,,,0.0,0,4.0,2.0,0.19999999200000032,False,0.0,"ForwardingRatio,IngressEgressDelta,ConsistencyScore"
155,NODE_B4BFE934ED80,victim_COM26_tree_none_r1_20260715_014236_telem.csv,victim,2.0,F4:2D:C9:73:E6:19,5,5,-51.0,0.4,-52.0,-50.0,0.0,True,26.0,False,26.0,False,0.0,0.0,,,,0.0,-51.0,0.4,0.0,,,,,0.0,0,4.0,4.0,0.1923076849112429,False,0.0,"ForwardingRatio,IngressEgressDelta,ConsistencyScore"
160,NODE_B4BFE934ED80,victim_COM26_tree_none_r1_20260715_014236_telem.csv,victim,2.0,F4:2D:C9:73:E6:19,5,5,-52.8,4.159999999999999,-55.0,-50.0,0.0,False,4.0,False,4.0,False,0.0,0.0,,,,0.0,-52.8,4.159999999999999,1.7999999999999972,,,,,0.0,0,4.0,4.0,0.9999997500000625,False,0.0,"ForwardingRatio,IngressEgressDelta,ConsistencyScore"
165,NODE_B4BFE934ED80,victim_COM26_tree_none_r1_20260715_014236_telem.csv,victim,2.0,F4:2D:C9:73:E6:19,5,5,-51.6,1.04,-53.0,-50.0,9.0,False,0.0,True,0.0,True,0.0,0.0,,,,0.9999998888889013,-51.6,1.04,0.6000000000000014,,,,,0.0,0,4.0,4.0,1.0,True,0.0,"ForwardingRatio,IngressEgressDelta,ConsistencyScore"
170,NODE_B4BFE934ED80,victim_COM26_tree_none_r1_20260715_014236_telem.csv,victim,2.0,F4:2D:C9:73:E6:19,5,5,-50.6,1.0400000000000003,-52.0,-49.0,0.0,False,4.0,False,4.0,False,0.0,0.0,,,,0.0,-50.6,1.0400000000000003,0.3999999999999986,,,,,0.0,0,4.0,4.0,1.0,True,0.0,"ForwardingRatio,IngressEgressDelta,ConsistencyScore"
175,NODE_B4BFE934ED80,victim_COM26_tree_none_r1_20260715_014236_telem.csv,victim,2.0,F4:2D:C9:73:E6:19,5,5,-51.4,3.04,-54.0,-50.0,9.0,False,0.0,True,0.0,True,0.0,0.0,,,,0.9999998888889013,-51.4,3.04,0.3999999999999986,,,,,0.0,0,4.0,4.0,1.0,True,0.0,"ForwardingRatio,IngressEgressDelta,ConsistencyScore"
180,NODE_B4BFE934ED80,victim_COM26_tree_none_r1_20260715_014236_telem.csv,victim,2.0,F4:2D:C9:73:E6:19,5,5,-53.0,6.0,-57.0,-50.0,9.0,False,0.0,True,0.0,True,0.0,0.0,,,,0.9999998888889013,-53.0,6.0,2.0,,,,,0.0,0,4.0,2.0,1.0,True,0.0,"ForwardingRatio,IngressEgressDelta,ConsistencyScore"
185,NODE_B4BFE934ED80,victim_COM26_tree_none_r1_20260715_014236_telem.csv,victim,2.0,F4:2D:C9:73:E6:19,5,5,-56.2,0.16,-57.0,-56.0,0.0,False,4.0,False,4.0,False,0.0,0.0,,,,0.0,-56.2,0.16,5.200000000000003,,,,,0.0,0,4.0,4.0,1.0,True,0.0,"ForwardingRatio,IngressEgressDelta,ConsistencyScore"
190,NODE_B4BFE934ED80,victim_COM26_tree_none_r1_20260715_014236_telem.csv,victim,2.0,F4:2D:C9:73:E6:19,5,5,-55.4,4.24,-59.0,-53.0,0.0,False,4.0,False,4.0,False,0.0,0.0,,,,0.0,-55.4,4.24,4.399999999999999,,,,,0.0,0,4.0,2.0,1.0,True,0.0,"ForwardingRatio,IngressEgressDelta,ConsistencyScore"
195,NODE_B4BFE934ED80,victim_COM26_tree_none_r1_20260715_014236_telem.csv,victim,2.0,F4:2D:C9:73:E6:19,5,5,-54.4,1.0399999999999998,-56.0,-53.0,0.0,False,4.0,False,4.0,False,0.0,0.0,,,,0.0,-54.4,1.0399999999999998,3.3999999999999986,,,,,0.0,0,4.0,4.0,1.0,True,0.0,"ForwardingRatio,IngressEgressDelta,ConsistencyScore"
200,NODE_B4BFE934ED80,victim_COM26_tree_none_r1_20260715_014236_telem.csv,victim,2.0,F4:2D:C9:73:E6:19,5,5,-53.2,17.360000000000003,-59.0,-48.0,0.0,False,4.0,False,4.0,False,0.0,0.0,,,,0.0,-53.2,17.360000000000003,2.200000000000003,,,,,0.0,0,4.0,2.0,1.0,True,0.0,"ForwardingRatio,IngressEgressDelta,ConsistencyScore"
205,NODE_B4BFE934ED80,victim_COM26_tree_none_r1_20260715_014236_telem.csv,victim,2.0,F4:2D:C9:73:E6:19,5,5,-52.8,12.559999999999999,-58.0,-47.0,9.0,False,0.0,True,0.0,True,0.0,0.0,,,,0.9999998888889013,-52.8,12.559999999999999,1.7999999999999972,,,,,0.0,0,4.0,1.0,1.0,True,0.0,"ForwardingRatio,IngressEgressDelta,ConsistencyScore"
210,NODE_B4BFE934ED80,victim_COM26_tree_none_r1_20260715_014236_telem.csv,victim,2.0,F4:2D:C9:73:E6:19,5,5,-49.0,4.8,-53.0,-47.0,0.0,True,25.0,False,25.0,False,0.0,0.0,,,,0.0,-49.0,4.8,2.0,,,,,0.0,0,4.0,2.0,0.15999999360000025,False,0.0,"ForwardingRatio,IngressEgressDelta,ConsistencyScore"
215,NODE_B4BFE934ED80,victim_COM26_tree_none_r1_20260715_014236_telem.csv,victim,2.0,F4:2D:C9:73:E6:19,5,5,-51.0,4.4,-54.0,-49.0,0.0,False,4.0,False,4.0,False,0.0,0.0,,,,0.0,-51.0,4.4,0.0,,,,,0.0,0,4.0,4.0,1.0,True,0.0,"ForwardingRatio,IngressEgressDelta,ConsistencyScore"
220,NODE_B4BFE934ED80,victim_COM26_tree_none_r1_20260715_014236_telem.csv,victim,2.0,F4:2D:C9:73:E6:19,5,5,-53.2,0.5599999999999999,-54.0,-52.0,0.0,False,4.0,False,4.0,False,0.0,0.0,,,,0.0,-53.2,0.5599999999999999,2.200000000000003,,,,,0.0,0,4.0,4.0,1.0,True,0.0,"ForwardingRatio,IngressEgressDelta,ConsistencyScore"
225,NODE_B4BFE934ED80,victim_COM26_tree_none_r1_20260715_014236_telem.csv,victim,2.0,F4:2D:C9:73:E6:19,5,5,-53.0,0.4,-54.0,-52.0,0.0,False,4.0,False,4.0,False,0.0,0.0,,,,0.0,-53.0,0.4,2.0,,,,,0.0,0,4.0,4.0,1.0,True,0.0,"ForwardingRatio,IngressEgressDelta,ConsistencyScore"
230,NODE_B4BFE934ED80,victim_COM26_tree_none_r1_20260715_014236_telem.csv,victim,2.0,F4:2D:C9:73:E6:19,5,5,-53.0,0.0,-53.0,-53.0,0.0,True,26.0,False,26.0,False,0.0,0.0,,,,0.0,-53.0,0.0,2.0,,,,,0.0,0,4.0,4.0,0.1923076849112429,False,0.0,"ForwardingRatio,IngressEgressDelta,ConsistencyScore"
235,NODE_B4BFE934ED80,victim_COM26_tree_none_r1_20260715_014236_telem.csv,victim,2.0,F4:2D:C9:73:E6:19,5,5,-51.6,4.640000000000001,-54.0,-49.0,0.0,True,26.0,False,26.0,False,0.0,0.0,,,,0.0,-51.6,4.640000000000001,0.6000000000000014,,,,,0.0,0,4.0,4.0,0.1923076849112429,False,0.0,"ForwardingRatio,IngressEgressDelta,ConsistencyScore"
240,NODE_B4BFE934ED80,victim_COM26_tree_none_r1_20260715_014236_telem.csv,victim,2.0,F4:2D:C9:73:E6:19,5,5,-53.6,0.24,-54.0,-53.0,9.0,False,0.0,True,0.0,True,0.0,0.0,,,,0.9999998888889013,-53.6,0.24,2.6000000000000014,,,,,0.0,0,4.0,4.0,1.0,True,0.0,"ForwardingRatio,IngressEgressDelta,ConsistencyScore"
245,NODE_B4BFE934ED80,victim_COM26_tree_none_r1_20260715_014236_telem.csv,victim,2.0,F4:2D:C9:73:E6:19,5,5,-53.8,0.16,-54.0,-53.0,9.0,False,0.0,True,0.0,True,0.0,0.0,,,,0.9999998888889013,-53.8,0.16,2.799999999999997,,,,,0.0,0,4.0,4.0,1.0,True,0.0,"ForwardingRatio,IngressEgressDelta,ConsistencyScore"
250,NODE_B4BFE934ED80,victim_COM26_tree_none_r1_20260715_014236_telem.csv,victim,2.0,F4:2D:C9:73:E6:19,5,5,-53.2,0.16,-54.0,-53.0,0.0,False,4.0,False,4.0,False,0.0,0.0,,,,0.0,-53.2,0.16,2.200000000000003,,,,,0.0,0,4.0,4.0,0.9999997500000625,False,0.0,"ForwardingRatio,IngressEgressDelta,ConsistencyScore"
255,NODE_B4BFE934ED80,victim_COM26_tree_none_r1_20260715_014236_telem.csv,victim,2.0,F4:2D:C9:73:E6:19,5,5,-53.6,0.24,-54.0,-53.0,0.0,False,4.0,False,4.0,False,0.0,0.0,,,,0.0,-53.6,0.24,2.6000000000000014,,,,,0.0,0,4.0,4.0,1.0,True,0.0,"ForwardingRatio,IngressEgressDelta,ConsistencyScore"
260,NODE_B4BFE934ED80,victim_COM26_tree_none_r1_20260715_014236_telem.csv,victim,2.0,F4:2D:C9:73:E6:19,5,5,-53.4,0.6399999999999999,-54.0,-52.0,0.0,False,4.0,False,4.0,False,0.0,0.0,,,,0.0,-53.4,0.6399999999999999,2.3999999999999986,,,,,0.0,0,4.0,4.0,1.0,True,0.0,"ForwardingRatio,IngressEgressDelta,ConsistencyScore"
265,NODE_B4BFE934ED80,victim_COM26_tree_none_r1_20260715_014236_telem.csv,victim,2.0,F4:2D:C9:73:E6:19,5,5,-53.4,0.24,-54.0,-53.0,0.0,False,4.0,False,4.0,False,0.0,0.0,,,,0.0,-53.4,0.24,2.3999999999999986,,,,,0.0,0,4.0,4.0,1.0,True,0.0,"ForwardingRatio,IngressEgressDelta,ConsistencyScore"
270,NODE_B4BFE934ED80,victim_COM26_tree_none_r1_20260715_014236_telem.csv,victim,2.0,F4:2D:C9:73:E6:19,5,5,-53.4,0.24,-54.0,-53.0,0.0,False,4.0,False,4.0,False,0.0,0.0,,,,0.0,-53.4,0.24,2.3999999999999986,,,,,0.0,0,4.0,4.0,1.0,True,0.0,"ForwardingRatio,IngressEgressDelta,ConsistencyScore"
275,NODE_B4BFE934ED80,victim_COM26_tree_none_r1_20260715_014236_telem.csv,victim,2.0,F4:2D:C9:73:E6:19,5,5,-53.0,0.0,-53.0,-53.0,0.0,False,4.0,False,4.0,False,0.0,0.0,,,,0.0,-53.0,0.0,2.0,,,,,0.0,0,4.0,4.0,1.0,True,0.0,"ForwardingRatio,IngressEgressDelta,ConsistencyScore"
280,NODE_B4BFE934ED80,victim_COM26_tree_none_r1_20260715_014236_telem.csv,victim,2.0,F4:2D:C9:73:E6:19,5,5,-53.4,0.24,-54.0,-53.0,0.0,False,4.0,False,4.0,False,0.0,0.0,,,,0.0,-53.4,0.24,2.3999999999999986,,,,,0.0,0,4.0,4.0,1.0,True,0.0,"ForwardingRatio,IngressEgressDelta,ConsistencyScore"
285,NODE_B4BFE934ED80,victim_COM26_tree_none_r1_20260715_014236_telem.csv,victim,2.0,F4:2D:C9:73:E6:19,5,5,-51.8,5.76,-53.0,-47.0,9.0,False,0.0,True,0.0,True,0.0,0.0,,,,0.9999998888889013,-51.8,5.76,0.7999999999999972,,,,,0.0,0,4.0,3.0,1.0,True,0.0,"ForwardingRatio,IngressEgressDelta,ConsistencyScore"
290,NODE_B4BFE934ED80,victim_COM26_tree_none_r1_20260715_014236_telem.csv,victim,2.0,F4:2D:C9:73:E6:19,5,5,-51.6,5.440000000000001,-53.0,-47.0,0.0,True,26.0,False,26.0,False,0.0,0.0,,,,0.0,-51.6,5.440000000000001,0.6000000000000014,,,,,0.0,0,4.0,4.0,0.1923076849112429,False,0.0,"ForwardingRatio,IngressEgressDelta,ConsistencyScore"
295,NODE_B4BFE934ED80,victim_COM26_tree_none_r1_20260715_014236_telem.csv,victim,2.0,F4:2D:C9:73:E6:19,5,5,-51.6,5.44,-53.0,-47.0,0.0,False,4.0,False,4.0,False,0.0,0.0,,,,0.0,-51.6,5.44,0.6000000000000014,,,,,0.0,0,4.0,2.0,1.0,True,0.0,"ForwardingRatio,IngressEgressDelta,ConsistencyScore"
300,NODE_B4BFE934ED80,victim_COM26_tree_none_r1_20260715_014236_telem.csv,victim,2.0,F4:2D:C9:73:E6:19,5,5,-53.4,0.64,-54.0,-52.0,0.0,False,3.0,False,3.0,False,0.0,0.0,,,,0.0,-53.4,0.64,2.3999999999999986,,,,,0.0,0,4.0,4.0,1.0,True,0.0,"ForwardingRatio,IngressEgressDelta,ConsistencyScore"
305,NODE_B4BFE934ED80,victim_COM26_tree_none_r1_20260715_014236_telem.csv,victim,2.0,F4:2D:C9:73:E6:19,5,5,-53.2,0.5599999999999999,-54.0,-52.0,0.0,False,3.0,False,3.0,False,0.0,0.0,,,,0.0,-53.2,0.5599999999999999,2.200000000000003,,,,,0.0,0,4.0,4.0,1.0,True,0.0,"ForwardingRatio,IngressEgressDelta,ConsistencyScore"
310,NODE_B4BFE934ED80,victim_COM26_tree_none_r1_20260715_014236_telem.csv,victim,2.0,F4:2D:C9:73:E6:19,5,5,-53.2,0.16,-54.0,-53.0,0.0,True,21.0,False,21.0,False,0.0,0.0,,,,0.0,-53.2,0.16,2.200000000000003,,,,,0.0,0,4.0,4.0,0.23809522675737013,False,0.0,"ForwardingRatio,IngressEgressDelta,ConsistencyScore"
315,NODE_B4BFE934ED80,victim_COM26_tree_none_r1_20260715_014236_telem.csv,victim,2.0,F4:2D:C9:73:E6:19,5,5,-52.6,0.6399999999999999,-53.0,-51.0,0.0,False,3.0,False,3.0,False,0.0,0.0,,,,0.0,-52.6,0.6399999999999999,1.6000000000000014,,,,,0.0,0,4.0,4.0,1.0,True,0.0,"ForwardingRatio,IngressEgressDelta,ConsistencyScore"
320,NODE_B4BFE934ED80,victim_COM26_tree_none_r1_20260715_014236_telem.csv,victim,2.0,F4:2D:C9:73:E6:19,5,5,-53.0,0.0,-53.0,-53.0,0.0,False,3.0,False,3.0,False,0.0,0.0,,,,0.0,-53.0,0.0,2.0,,,,,0.0,0,4.0,4.0,1.0,True,0.0,"ForwardingRatio,IngressEgressDelta,ConsistencyScore"
325,NODE_B4BFE934ED80,victim_COM26_tree_none_r1_20260715_014236_telem.csv,victim,2.0,F4:2D:C9:73:E6:19,5,5,-53.6,0.6399999999999999,-55.0,-53.0,0.0,False,4.0,False,4.0,False,0.0,0.0,,,,0.0,-53.6,0.6399999999999999,2.6000000000000014,,,,,0.0,0,4.0,4.0,1.0,True,0.0,"ForwardingRatio,IngressEgressDelta,ConsistencyScore"
330,NODE_B4BFE934ED80,victim_COM26_tree_none_r1_20260715_014236_telem.csv,victim,2.0,F4:2D:C9:73:E6:19,5,5,-52.4,1.0399999999999998,-54.0,-51.0,0.0,False,4.0,False,4.0,False,0.0,0.0,,,,0.0,-52.4,1.0399999999999998,1.3999999999999986,,,,,0.0,0,4.0,4.0,1.0,True,0.0,"ForwardingRatio,IngressEgressDelta,ConsistencyScore"
335,NODE_B4BFE934ED80,victim_COM26_tree_none_r1_20260715_014236_telem.csv,victim,2.0,F4:2D:C9:73:E6:19,5,5,-52.0,0.8,-53.0,-51.0,9.0,False,0.0,True,0.0,True,0.0,0.0,,,,0.9999998888889013,-52.0,0.8,1.0,,,,,0.0,0,4.0,4.0,1.0,True,0.0,"ForwardingRatio,IngressEgressDelta,ConsistencyScore"
340,NODE_B4BFE934ED80,victim_COM26_tree_none_r1_20260715_014236_telem.csv,victim,2.0,F4:2D:C9:73:E6:19,5,5,-52.8,0.16,-53.0,-52.0,0.0,False,4.0,False,4.0,False,0.0,0.0,,,,0.0,-52.8,0.16,1.7999999999999972,,,,,0.0,0,4.0,4.0,1.0,True,0.0,"ForwardingRatio,IngressEgressDelta,ConsistencyScore"
345,NODE_B4BFE934ED80,victim_COM26_tree_none_r1_20260715_014236_telem.csv,victim,2.0,F4:2D:C9:73:E6:19,5,5,-53.4,0.24,-54.0,-53.0,9.0,False,0.0,True,0.0,True,0.0,0.0,,,,0.9999998888889013,-53.4,0.24,2.3999999999999986,,,,,0.0,0,4.0,4.0,1.0,True,0.0,"ForwardingRatio,IngressEgressDelta,ConsistencyScore"
350,NODE_B4BFE934ED80,victim_COM26_tree_none_r1_20260715_014236_telem.csv,victim,2.0,F4:2D:C9:73:E6:19,5,5,-53.2,2.96,-56.0,-51.0,0.0,False,4.0,False,4.0,False,0.0,0.0,,,,0.0,-53.2,2.96,2.200000000000003,,,,,0.0,0,4.0,4.0,0.9999997500000625,False,0.0,"ForwardingRatio,IngressEgressDelta,ConsistencyScore"
355,NODE_B4BFE934ED80,victim_COM26_tree_none_r1_20260715_014236_telem.csv,victim,2.0,F4:2D:C9:73:E6:19,5,5,-53.4,0.6399999999999999,-54.0,-52.0,9.0,False,0.0,True,0.0,True,0.0,0.0,,,,0.9999998888889013,-53.4,0.6399999999999999,2.3999999999999986,,,,,0.0,0,4.0,4.0,1.0,True,0.0,"ForwardingRatio,IngressEgressDelta,ConsistencyScore"
360,NODE_B4BFE934ED80,victim_COM26_tree_none_r1_20260715_014236_telem.csv,victim,2.0,F4:2D:C9:73:E6:19,5,5,-53.2,0.16,-54.0,-53.0,0.0,False,4.0,False,4.0,False,0.0,0.0,,,,0.0,-53.2,0.16,2.200000000000003,,,,,0.0,0,4.0,4.0,0.9999997500000625,False,0.0,"ForwardingRatio,IngressEgressDelta,ConsistencyScore"
365,NODE_B4BFE934ED80,victim_COM26_tree_none_r1_20260715_014236_telem.csv,victim,2.0,F4:2D:C9:73:E6:19,5,5,-54.2,0.96,-56.0,-53.0,0.0,False,4.0,False,4.0,False,0.0,0.0,,,,0.0,-54.2,0.96,3.200000000000003,,,,,0.0,0,4.0,4.0,1.0,True,0.0,"ForwardingRatio,IngressEgressDelta,ConsistencyScore"
370,NODE_B4BFE934ED80,victim_COM26_tree_none_r1_20260715_014236_telem.csv,victim,2.0,F4:2D:C9:73:E6:19,5,5,-53.6,0.24,-54.0,-53.0,0.0,True,17.0,False,17.0,False,0.0,0.0,,,,0.0,-53.6,0.24,2.6000000000000014,,,,,0.0,0,4.0,4.0,0.2941176297577865,False,0.0,"ForwardingRatio,IngressEgressDelta,ConsistencyScore"
375,NODE_B4BFE934ED80,victim_COM26_tree_none_r1_20260715_014236_telem.csv,victim,2.0,F4:2D:C9:73:E6:19,5,5,-53.4,1.0400000000000003,-55.0,-52.0,9.0,False,0.0,True,0.0,True,0.0,0.0,,,,0.9999998888889013,-53.4,1.0400000000000003,2.3999999999999986,,,,,0.0,0,4.0,4.0,1.0,True,0.0,"ForwardingRatio,IngressEgressDelta,ConsistencyScore"
380,NODE_B4BFE934ED80,victim_COM26_tree_none_r1_20260715_014236_telem.csv,victim,2.0,F4:2D:C9:73:E6:19,5,5,-52.8,0.16,-53.0,-52.0,0.0,False,4.0,False,4.0,False,0.0,3.0,,,,0.0,-52.8,0.16,1.7999999999999972,,,,,0.0,0,4.0,4.0,1.0,True,0.0,"ForwardingRatio,IngressEgressDelta,ConsistencyScore"
385,NODE_B4BFE934ED80,victim_COM26_tree_none_r1_20260715_014236_telem.csv,victim,2.0,F4:2D:C9:73:E6:19,5,5,-52.2,1.7599999999999998,-54.0,-50.0,9.0,False,0.0,True,0.0,True,0.0,3.0,,,,0.9999998888889013,-52.2,1.7599999999999998,1.2000000000000028,,,,,0.0,0,4.0,4.0,1.0,True,0.0,"ForwardingRatio,IngressEgressDelta,ConsistencyScore"
390,NODE_B4BFE934ED80,victim_COM26_tree_none_r1_20260715_014236_telem.csv,victim,2.0,F4:2D:C9:73:E6:19,5,5,-49.8,0.16,-50.0,-49.0,0.0,False,4.0,False,4.0,False,0.0,3.0,,,,0.0,-49.8,0.16,1.2000000000000028,,,,,0.0,0,4.0,4.0,0.9999997500000625,False,0.0,"ForwardingRatio,IngressEgressDelta,ConsistencyScore"
395,NODE_B4BFE934ED80,victim_COM26_tree_none_r1_20260715_014236_telem.csv,victim,2.0,F4:2D:C9:73:E6:19,5,5,-50.8,2.1599999999999997,-52.0,-49.0,9.0,False,0.0,True,0.0,True,0.0,3.0,,,,0.9999998888889013,-50.8,2.1599999999999997,0.20000000000000284,,,,,0.0,0,4.0,4.0,1.0,True,0.0,"ForwardingRatio,IngressEgressDelta,ConsistencyScore"
400,NODE_B4BFE934ED80,victim_COM26_tree_none_r1_20260715_014236_telem.csv,victim,2.0,F4:2D:C9:73:E6:19,5,5,-51.4,4.24,-54.0,-49.0,0.0,False,4.0,False,4.0,False,0.0,3.0,,,,0.0,-51.4,4.24,0.3999999999999986,,,,,0.0,0,4.0,4.0,1.0,True,0.0,"ForwardingRatio,IngressEgressDelta,ConsistencyScore"
405,NODE_B4BFE934ED80,victim_COM26_tree_none_r1_20260715_014236_telem.csv,victim,2.0,F4:2D:C9:73:E6:19,5,5,-51.4,3.04,-54.0,-50.0,9.0,False,0.0,True,0.0,True,0.0,3.0,,,,0.9999998888889013,-51.4,3.04,0.3999999999999986,,,,,0.0,0,4.0,4.0,1.0,True,0.0,"ForwardingRatio,IngressEgressDelta,ConsistencyScore"
410,NODE_B4BFE934ED80,victim_COM26_tree_none_r1_20260715_014236_telem.csv,victim,2.0,F4:2D:C9:73:E6:19,5,5,-51.0,2.8,-53.0,-49.0,9.0,False,0.0,True,0.0,True,0.0,3.0,,,,0.9999998888889013,-51.0,2.8,0.0,,,,,0.0,0,4.0,4.0,1.0,True,0.0,"ForwardingRatio,IngressEgressDelta,ConsistencyScore"
415,NODE_B4BFE934ED80,victim_COM26_tree_none_r1_20260715_014236_telem.csv,victim,2.0,F4:2D:C9:73:E6:19,5,5,-49.6,0.24,-50.0,-49.0,0.0,False,4.0,False,4.0,False,0.0,3.0,,,,0.0,-49.6,0.24,1.3999999999999986,,,,,0.0,0,4.0,4.0,1.0,True,0.0,"ForwardingRatio,IngressEgressDelta,ConsistencyScore"
420,NODE_B4BFE934ED80,victim_COM26_tree_none_r1_20260715_014236_telem.csv,victim,2.0,F4:2D:C9:73:E6:19,5,5,-49.6,0.24,-50.0,-49.0,0.0,False,4.0,False,4.0,False,0.0,3.0,,,,0.0,-49.6,0.24,1.3999999999999986,,,,,0.0,0,4.0,4.0,1.0,True,0.0,"ForwardingRatio,IngressEgressDelta,ConsistencyScore"
425,NODE_B4BFE934ED80,victim_COM26_tree_none_r1_20260715_014236_telem.csv,victim,2.0,F4:2D:C9:73:E6:19,5,5,-51.4,3.84,-55.0,-50.0,0.0,False,4.0,False,4.0,False,0.0,3.0,,,,0.0,-51.4,3.84,0.3999999999999986,,,,,0.0,0,4.0,2.0,0.9999997500000625,False,0.0,"ForwardingRatio,IngressEgressDelta,ConsistencyScore"
430,NODE_B4BFE934ED80,victim_COM26_tree_none_r1_20260715_014236_telem.csv,victim,2.0,F4:2D:C9:73:E6:19,5,5,-49.6,0.6399999999999999,-50.0,-48.0,0.0,False,4.0,False,4.0,False,0.0,3.0,,,,0.0,-49.6,0.6399999999999999,1.3999999999999986,,,,,0.0,0,4.0,4.0,1.0,True,0.0,"ForwardingRatio,IngressEgressDelta,ConsistencyScore"
435,NODE_B4BFE934ED80,victim_COM26_tree_none_r1_20260715_014236_telem.csv,victim,2.0,F4:2D:C9:73:E6:19,5,5,-49.2,0.16,-50.0,-49.0,0.0,False,3.0,False,3.0,False,0.0,3.0,,,,0.0,-49.2,0.16,1.7999999999999972,,,,,0.0,0,4.0,4.0,1.0,True,0.0,"ForwardingRatio,IngressEgressDelta,ConsistencyScore"
440,NODE_B4BFE934ED80,victim_COM26_tree_none_r1_20260715_014236_telem.csv,victim,2.0,F4:2D:C9:73:E6:19,5,5,-50.6,0.24,-51.0,-50.0,0.0,False,4.0,False,4.0,False,0.0,3.0,,,,0.0,-50.6,0.24,0.3999999999999986,,,,,0.0,0,4.0,4.0,0.7499998125000469,False,0.0,"ForwardingRatio,IngressEgressDelta,ConsistencyScore"
445,NODE_B4BFE934ED80,victim_COM26_tree_none_r1_20260715_014236_telem.csv,victim,2.0,F4:2D:C9:73:E6:19,5,5,-49.4,1.0400000000000003,-51.0,-48.0,0.0,True,18.0,False,18.0,False,0.0,3.0,,,,0.0,-49.4,1.0400000000000003,1.6000000000000014,,,,,0.0,0,4.0,4.0,0.2222222098765439,False,0.0,"ForwardingRatio,IngressEgressDelta,ConsistencyScore"
450,NODE_B4BFE934ED80,victim_COM26_tree_none_r1_20260715_014236_telem.csv,victim,2.0,F4:2D:C9:73:E6:19,5,5,-49.8,0.9599999999999997,-51.0,-48.0,0.0,False,4.0,False,4.0,False,0.0,3.0,,,,0.0,-49.8,0.9599999999999997,1.2000000000000028,,,,,0.0,0,4.0,4.0,0.7499998125000469,False,0.0,"ForwardingRatio,IngressEgressDelta,ConsistencyScore"
455,NODE_B4BFE934ED80,victim_COM26_tree_none_r1_20260715_014236_telem.csv,victim,2.0,F4:2D:C9:73:E6:19,5,5,-49.6,0.6399999999999999,-51.0,-49.0,0.0,False,4.0,False,4.0,False,0.0,3.0,,,,0.0,-49.6,0.6399999999999999,1.3999999999999986,,,,,0.0,0,4.0,4.0,0.7499998125000469,False,0.0,"ForwardingRatio,IngressEgressDelta,ConsistencyScore"
460,NODE_B4BFE934ED80,victim_COM26_tree_none_r1_20260715_014236_telem.csv,victim,2.0,F4:2D:C9:73:E6:19,5,5,-49.8,0.16,-50.0,-49.0,9.0,False,0.0,True,0.0,True,0.0,3.0,,,,0.9999998888889013,-49.8,0.16,1.2000000000000028,,,,,0.0,0,4.0,4.0,1.0,True,0.0,"ForwardingRatio,IngressEgressDelta,ConsistencyScore"
465,NODE_B4BFE934ED80,victim_COM26_tree_none_r1_20260715_014236_telem.csv,victim,2.0,F4:2D:C9:73:E6:19,5,5,-50.0,4.0,-54.0,-49.0,0.0,False,4.0,False,4.0,False,0.0,3.0,,,,0.0,-50.0,4.0,1.0,,,,,0.0,0,4.0,2.0,0.49999987500003124,False,0.0,"ForwardingRatio,IngressEgressDelta,ConsistencyScore"
470,NODE_B4BFE934ED80,victim_COM26_tree_none_r1_20260715_014236_telem.csv,victim,2.0,F4:2D:C9:73:E6:19,5,5,-52.2,21.76,-61.0,-49.0,0.0,False,4.0,False,4.0,False,0.0,3.0,,,,0.0,-52.2,21.76,1.2000000000000028,,,,,0.0,0,4.0,1.0,0.7499998125000469,False,0.0,"ForwardingRatio,IngressEgressDelta,ConsistencyScore"
475,NODE_B4BFE934ED80,victim_COM26_tree_none_r1_20260715_014236_telem.csv,victim,2.0,F4:2D:C9:73:E6:19,5,5,-55.6,10.64,-60.0,-52.0,9.0,False,0.0,True,0.0,True,0.0,3.0,,,,0.9999998888889013,-55.6,10.64,4.600000000000001,,,,,0.0,0,4.0,1.0,1.0,True,0.0,"ForwardingRatio,IngressEgressDelta,ConsistencyScore"
480,NODE_B4BFE934ED80,victim_COM26_tree_none_r1_20260715_014236_telem.csv,victim,2.0,F4:2D:C9:73:E6:19,5,5,-61.8,0.96,-63.0,-61.0,0.0,False,4.0,False,4.0,False,0.0,3.0,,,,0.0,-61.8,0.96,10.799999999999997,,,,,0.0,0,4.0,4.0,0.24999993750001562,False,0.0,"ForwardingRatio,IngressEgressDelta,ConsistencyScore"
485,NODE_B4BFE934ED80,victim_COM26_tree_none_r1_20260715_014236_telem.csv,victim,2.0,F4:2D:C9:73:E6:19,4,5,-61.5,29.25,-68.0,-53.0,9.0,False,0.0,True,0.0,True,0.0,3.0,,,,0.9999998888889013,-61.5,29.25,10.5,,,,,0.0,0,3.0,1.0,0.0,False,0.0,"ForwardingRatio,IngressEgressDelta,ConsistencyScore"
490,NODE_B4BFE934ED80,victim_COM26_tree_none_r1_20260715_014236_telem.csv,victim,2.0,F4:2D:C9:73:E6:19,5,5,-52.4,0.24,-53.0,-52.0,0.0,False,2.0,False,2.0,False,0.0,3.0,,,,0.0,-52.4,0.24,1.3999999999999986,,,,,0.0,0,4.0,4.0,0.0,False,0.0,"ForwardingRatio,IngressEgressDelta,ConsistencyScore"
505,NODE_B4BFE934ED80,victim_COM26_tree_none_r1_20260715_014236_telem.csv,victim,2.0,F4:2D:C9:73:E6:19,5,5,-53.0,0.0,-53.0,-53.0,0.0,False,3.0,False,3.0,False,0.0,3.0,,,,0.0,-53.0,0.0,2.0,,,,,0.0,0,4.0,4.0,0.0,False,0.0,"ForwardingRatio,IngressEgressDelta,ConsistencyScore"
0,NODE_F42DC973E618,root_COM20_tree_none_r1_20260715_013856_telem.csv,root,1.0,00:00:00:00:00:00,5,5,0.0,0.0,0.0,0.0,0.0,False,0.0,False,11.0,False,0.0,0.0,,,,0.0,0.0,0.0,0.0,,,,,0.0,0,4.0,4.0,,False,0.0,"ForwardingRatio,IngressEgressDelta,ConsistencyScore"
5,NODE_F42DC973E618,root_COM20_tree_none_r1_20260715_013856_telem.csv,root,1.0,00:00:00:00:00:00,5,5,0.0,0.0,0.0,0.0,0.0,False,0.0,False,11.0,False,0.0,0.0,,,,0.0,0.0,0.0,0.0,,,,,0.0,0,4.0,4.0,,False,0.0,"ForwardingRatio,IngressEgressDelta,ConsistencyScore"
10,NODE_F42DC973E618,root_COM20_tree_none_r1_20260715_013856_telem.csv,root,1.0,00:00:00:00:00:00,5,5,0.0,0.0,0.0,0.0,0.0,False,0.0,False,12.0,False,0.0,0.0,,,,0.0,0.0,0.0,0.0,,,,,0.0,0,4.0,4.0,,False,0.0,"ForwardingRatio,IngressEgressDelta,ConsistencyScore"
15,NODE_F42DC973E618,root_COM20_tree_none_r1_20260715_013856_telem.csv,root,1.0,00:00:00:00:00:00,5,5,0.0,0.0,0.0,0.0,0.0,False,0.0,False,12.0,False,0.0,0.0,,,,0.0,0.0,0.0,0.0,,,,,0.0,0,4.0,4.0,,False,0.0,"ForwardingRatio,IngressEgressDelta,ConsistencyScore"
20,NODE_F42DC973E618,root_COM20_tree_none_r1_20260715_013856_telem.csv,root,1.0,00:00:00:00:00:00,5,5,0.0,0.0,0.0,0.0,0.0,False,0.0,False,11.0,False,0.0,0.0,,,,0.0,0.0,0.0,0.0,,,,,0.0,0,4.0,4.0,,False,0.0,"ForwardingRatio,IngressEgressDelta,ConsistencyScore"
25,NODE_F42DC973E618,root_COM20_tree_none_r1_20260715_013856_telem.csv,root,1.0,00:00:00:00:00:00,5,5,0.0,0.0,0.0,0.0,0.0,False,0.0,False,12.0,False,0.0,0.0,,,,0.0,0.0,0.0,0.0,,,,,0.0,0,4.0,4.0,,False,0.0,"ForwardingRatio,IngressEgressDelta,ConsistencyScore"
30,NODE_F42DC973E618,root_COM20_tree_none_r1_20260715_013856_telem.csv,root,1.0,00:00:00:00:00:00,5,5,0.0,0.0,0.0,0.0,0.0,False,0.0,False,11.0,False,0.0,0.0,,,,0.0,0.0,0.0,0.0,,,,,0.0,0,4.0,4.0,,False,0.0,"ForwardingRatio,IngressEgressDelta,ConsistencyScore"
35,NODE_F42DC973E618,root_COM20_tree_none_r1_20260715_013856_telem.csv,root,1.0,00:00:00:00:00:00,5,5,0.0,0.0,0.0,0.0,0.0,False,0.0,False,12.0,False,0.0,0.0,,,,0.0,0.0,0.0,0.0,,,,,0.0,0,4.0,4.0,,False,0.0,"ForwardingRatio,IngressEgressDelta,ConsistencyScore"
40,NODE_F42DC973E618,root_COM20_tree_none_r1_20260715_013856_telem.csv,root,1.0,00:00:00:00:00:00,5,5,0.0,0.0,0.0,0.0,0.0,False,0.0,False,12.0,False,0.0,0.0,,,,0.0,0.0,0.0,0.0,,,,,0.0,0,4.0,4.0,,False,0.0,"ForwardingRatio,IngressEgressDelta,ConsistencyScore"
45,NODE_F42DC973E618,root_COM20_tree_none_r1_20260715_013856_telem.csv,root,1.0,00:00:00:00:00:00,5,5,0.0,0.0,0.0,0.0,0.0,False,0.0,False,12.0,False,0.0,0.0,,,,0.0,0.0,0.0,0.0,,,,,0.0,0,4.0,4.0,,False,0.0,"ForwardingRatio,IngressEgressDelta,ConsistencyScore"
50,NODE_F42DC973E618,root_COM20_tree_none_r1_20260715_013856_telem.csv,root,1.0,00:00:00:00:00:00,5,5,0.0,0.0,0.0,0.0,0.0,False,0.0,False,12.0,False,0.0,0.0,,,,0.0,0.0,0.0,0.0,,,,,0.0,0,4.0,4.0,,False,0.0,"ForwardingRatio,IngressEgressDelta,ConsistencyScore"
55,NODE_F42DC973E618,root_COM20_tree_none_r1_20260715_013856_telem.csv,root,1.0,00:00:00:00:00:00,5,5,0.0,0.0,0.0,0.0,0.0,False,0.0,False,12.0,False,0.0,0.0,,,,0.0,0.0,0.0,0.0,,,,,0.0,0,4.0,4.0,,False,0.0,"ForwardingRatio,IngressEgressDelta,ConsistencyScore"
60,NODE_F42DC973E618,root_COM20_tree_none_r1_20260715_013856_telem.csv,root,1.0,00:00:00:00:00:00,5,5,0.0,0.0,0.0,0.0,0.0,False,5.0,False,12.0,False,0.0,0.0,,,,0.0,0.0,0.0,0.0,,,,,0.0,0,4.0,4.0,,False,0.0,"ForwardingRatio,IngressEgressDelta,ConsistencyScore"
65,NODE_F42DC973E618,root_COM20_tree_none_r1_20260715_013856_telem.csv,root,1.0,00:00:00:00:00:00,5,5,0.0,0.0,0.0,0.0,0.0,False,0.0,False,12.0,False,0.0,0.0,,,,0.0,0.0,0.0,0.0,,,,,0.0,0,4.0,4.0,,False,0.0,"ForwardingRatio,IngressEgressDelta,ConsistencyScore"
70,NODE_F42DC973E618,root_COM20_tree_none_r1_20260715_013856_telem.csv,root,1.0,00:00:00:00:00:00,5,5,0.0,0.0,0.0,0.0,0.0,False,0.0,False,12.0,False,0.0,0.0,,,,0.0,0.0,0.0,0.0,,,,,0.0,0,4.0,4.0,,False,0.0,"ForwardingRatio,IngressEgressDelta,ConsistencyScore"
75,NODE_F42DC973E618,root_COM20_tree_none_r1_20260715_013856_telem.csv,root,1.0,00:00:00:00:00:00,5,5,0.0,0.0,0.0,0.0,0.0,False,0.0,False,12.0,False,0.0,0.0,,,,0.0,0.0,0.0,0.0,,,,,0.0,0,4.0,4.0,,False,0.0,"ForwardingRatio,IngressEgressDelta,ConsistencyScore"
80,NODE_F42DC973E618,root_COM20_tree_none_r1_20260715_013856_telem.csv,root,1.0,00:00:00:00:00:00,5,5,0.0,0.0,0.0,0.0,0.0,False,0.0,False,11.0,False,0.0,0.0,,,,0.0,0.0,0.0,0.0,,,,,0.0,0,4.0,4.0,,False,0.0,"ForwardingRatio,IngressEgressDelta,ConsistencyScore"
85,NODE_F42DC973E618,root_COM20_tree_none_r1_20260715_013856_telem.csv,root,1.0,00:00:00:00:00:00,5,5,0.0,0.0,0.0,0.0,0.0,False,0.0,False,12.0,False,0.0,0.0,,,,0.0,0.0,0.0,0.0,,,,,0.0,0,4.0,4.0,,False,0.0,"ForwardingRatio,IngressEgressDelta,ConsistencyScore"
90,NODE_F42DC973E618,root_COM20_tree_none_r1_20260715_013856_telem.csv,root,1.0,00:00:00:00:00:00,5,5,0.0,0.0,0.0,0.0,0.0,False,0.0,False,12.0,False,0.0,0.0,,,,0.0,0.0,0.0,0.0,,,,,0.0,0,4.0,4.0,,False,0.0,"ForwardingRatio,IngressEgressDelta,ConsistencyScore"
95,NODE_F42DC973E618,root_COM20_tree_none_r1_20260715_013856_telem.csv,root,1.0,00:00:00:00:00:00,5,5,0.0,0.0,0.0,0.0,0.0,False,0.0,False,11.0,False,0.0,0.0,,,,0.0,0.0,0.0,0.0,,,,,0.0,0,4.0,4.0,,False,0.0,"ForwardingRatio,IngressEgressDelta,ConsistencyScore"
100,NODE_F42DC973E618,root_COM20_tree_none_r1_20260715_013856_telem.csv,root,1.0,00:00:00:00:00:00,5,5,0.0,0.0,0.0,0.0,0.0,False,0.0,False,11.0,False,0.0,0.0,,,,0.0,0.0,0.0,0.0,,,,,0.0,0,4.0,4.0,,False,0.0,"ForwardingRatio,IngressEgressDelta,ConsistencyScore"
105,NODE_F42DC973E618,root_COM20_tree_none_r1_20260715_013856_telem.csv,root,1.0,00:00:00:00:00:00,5,5,0.0,0.0,0.0,0.0,0.0,False,0.0,False,12.0,False,0.0,0.0,,,,0.0,0.0,0.0,0.0,,,,,0.0,0,4.0,4.0,,False,0.0,"ForwardingRatio,IngressEgressDelta,ConsistencyScore"
110,NODE_F42DC973E618,root_COM20_tree_none_r1_20260715_013856_telem.csv,root,1.0,00:00:00:00:00:00,5,5,0.0,0.0,0.0,0.0,0.0,False,0.0,False,12.0,False,0.0,0.0,,,,0.0,0.0,0.0,0.0,,,,,0.0,0,4.0,4.0,,False,0.0,"ForwardingRatio,IngressEgressDelta,ConsistencyScore"
115,NODE_F42DC973E618,root_COM20_tree_none_r1_20260715_013856_telem.csv,root,1.0,00:00:00:00:00:00,5,5,0.0,0.0,0.0,0.0,0.0,False,0.0,False,12.0,False,0.0,0.0,,,,0.0,0.0,0.0,0.0,,,,,0.0,0,4.0,4.0,,False,0.0,"ForwardingRatio,IngressEgressDelta,ConsistencyScore"
120,NODE_F42DC973E618,root_COM20_tree_none_r1_20260715_013856_telem.csv,root,1.0,00:00:00:00:00:00,5,5,0.0,0.0,0.0,0.0,0.0,False,0.0,False,12.0,False,0.0,0.0,,,,0.0,0.0,0.0,0.0,,,,,0.0,0,4.0,4.0,,False,0.0,"ForwardingRatio,IngressEgressDelta,ConsistencyScore"
125,NODE_F42DC973E618,root_COM20_tree_none_r1_20260715_013856_telem.csv,root,1.0,00:00:00:00:00:00,5,5,0.0,0.0,0.0,0.0,0.0,False,0.0,False,12.0,False,0.0,0.0,,,,0.0,0.0,0.0,0.0,,,,,0.0,0,4.0,4.0,,False,0.0,"ForwardingRatio,IngressEgressDelta,ConsistencyScore"
130,NODE_F42DC973E618,root_COM20_tree_none_r1_20260715_013856_telem.csv,root,1.0,00:00:00:00:00:00,5,5,0.0,0.0,0.0,0.0,0.0,False,0.0,False,11.0,False,0.0,0.0,,,,0.0,0.0,0.0,0.0,,,,,0.0,0,4.0,4.0,,False,0.0,"ForwardingRatio,IngressEgressDelta,ConsistencyScore"
135,NODE_F42DC973E618,root_COM20_tree_none_r1_20260715_013856_telem.csv,root,1.0,00:00:00:00:00:00,5,5,0.0,0.0,0.0,0.0,0.0,False,0.0,False,12.0,False,0.0,0.0,,,,0.0,0.0,0.0,0.0,,,,,0.0,0,4.0,4.0,,False,0.0,"ForwardingRatio,IngressEgressDelta,ConsistencyScore"
140,NODE_F42DC973E618,root_COM20_tree_none_r1_20260715_013856_telem.csv,root,1.0,00:00:00:00:00:00,5,5,0.0,0.0,0.0,0.0,0.0,False,0.0,False,12.0,False,0.0,0.0,,,,0.0,0.0,0.0,0.0,,,,,0.0,0,4.0,4.0,,False,0.0,"ForwardingRatio,IngressEgressDelta,ConsistencyScore"
145,NODE_F42DC973E618,root_COM20_tree_none_r1_20260715_013856_telem.csv,root,1.0,00:00:00:00:00:00,5,5,0.0,0.0,0.0,0.0,0.0,False,0.0,False,12.0,False,0.0,0.0,,,,0.0,0.0,0.0,0.0,,,,,0.0,0,4.0,4.0,,False,0.0,"ForwardingRatio,IngressEgressDelta,ConsistencyScore"
150,NODE_F42DC973E618,root_COM20_tree_none_r1_20260715_013856_telem.csv,root,1.0,00:00:00:00:00:00,5,5,0.0,0.0,0.0,0.0,0.0,False,0.0,False,12.0,False,0.0,0.0,,,,0.0,0.0,0.0,0.0,,,,,0.0,0,4.0,4.0,,False,0.0,"ForwardingRatio,IngressEgressDelta,ConsistencyScore"
155,NODE_F42DC973E618,root_COM20_tree_none_r1_20260715_013856_telem.csv,root,1.0,00:00:00:00:00:00,5,5,0.0,0.0,0.0,0.0,0.0,False,0.0,False,12.0,False,0.0,0.0,,,,0.0,0.0,0.0,0.0,,,,,0.0,0,4.0,4.0,,False,0.0,"ForwardingRatio,IngressEgressDelta,ConsistencyScore"
160,NODE_F42DC973E618,root_COM20_tree_none_r1_20260715_013856_telem.csv,root,1.0,00:00:00:00:00:00,5,5,0.0,0.0,0.0,0.0,0.0,False,0.0,False,12.0,False,0.0,0.0,,,,0.0,0.0,0.0,0.0,,,,,0.0,0,4.0,4.0,,False,0.0,"ForwardingRatio,IngressEgressDelta,ConsistencyScore"
165,NODE_F42DC973E618,root_COM20_tree_none_r1_20260715_013856_telem.csv,root,1.0,00:00:00:00:00:00,5,5,0.0,0.0,0.0,0.0,0.0,False,0.0,False,12.0,False,0.0,0.0,,,,0.0,0.0,0.0,0.0,,,,,0.0,0,4.0,4.0,,False,0.0,"ForwardingRatio,IngressEgressDelta,ConsistencyScore"
170,NODE_F42DC973E618,root_COM20_tree_none_r1_20260715_013856_telem.csv,root,1.0,00:00:00:00:00:00,5,5,0.0,0.0,0.0,0.0,0.0,False,0.0,False,12.0,False,0.0,0.0,,,,0.0,0.0,0.0,0.0,,,,,0.0,0,4.0,4.0,,False,0.0,"ForwardingRatio,IngressEgressDelta,ConsistencyScore"
175,NODE_F42DC973E618,root_COM20_tree_none_r1_20260715_013856_telem.csv,root,1.0,00:00:00:00:00:00,5,5,0.0,0.0,0.0,0.0,0.0,False,0.0,False,12.0,False,0.0,0.0,,,,0.0,0.0,0.0,0.0,,,,,0.0,0,4.0,4.0,,False,0.0,"ForwardingRatio,IngressEgressDelta,ConsistencyScore"
180,NODE_F42DC973E618,root_COM20_tree_none_r1_20260715_013856_telem.csv,root,1.0,00:00:00:00:00:00,5,5,0.0,0.0,0.0,0.0,0.0,False,0.0,False,12.0,False,0.0,0.0,,,,0.0,0.0,0.0,0.0,,,,,0.0,0,4.0,4.0,,False,0.0,"ForwardingRatio,IngressEgressDelta,ConsistencyScore"
185,NODE_F42DC973E618,root_COM20_tree_none_r1_20260715_013856_telem.csv,root,1.0,00:00:00:00:00:00,5,5,0.0,0.0,0.0,0.0,0.0,False,0.0,False,12.0,False,0.0,0.0,,,,0.0,0.0,0.0,0.0,,,,,0.0,0,4.0,4.0,,False,0.0,"ForwardingRatio,IngressEgressDelta,ConsistencyScore"
190,NODE_F42DC973E618,root_COM20_tree_none_r1_20260715_013856_telem.csv,root,1.0,00:00:00:00:00:00,5,5,0.0,0.0,0.0,0.0,0.0,False,0.0,False,12.0,False,0.0,0.0,,,,0.0,0.0,0.0,0.0,,,,,0.0,0,4.0,4.0,,False,0.0,"ForwardingRatio,IngressEgressDelta,ConsistencyScore"
195,NODE_F42DC973E618,root_COM20_tree_none_r1_20260715_013856_telem.csv,root,1.0,00:00:00:00:00:00,5,5,0.0,0.0,0.0,0.0,0.0,False,0.0,False,12.0,False,0.0,0.0,,,,0.0,0.0,0.0,0.0,,,,,0.0,0,4.0,4.0,,False,0.0,"ForwardingRatio,IngressEgressDelta,ConsistencyScore"
200,NODE_F42DC973E618,root_COM20_tree_none_r1_20260715_013856_telem.csv,root,1.0,00:00:00:00:00:00,5,5,0.0,0.0,0.0,0.0,0.0,False,0.0,False,11.0,False,0.0,0.0,,,,0.0,0.0,0.0,0.0,,,,,0.0,0,4.0,4.0,,False,0.0,"ForwardingRatio,IngressEgressDelta,ConsistencyScore"
205,NODE_F42DC973E618,root_COM20_tree_none_r1_20260715_013856_telem.csv,root,1.0,00:00:00:00:00:00,5,5,0.0,0.0,0.0,0.0,0.0,False,0.0,False,12.0,False,0.0,0.0,,,,0.0,0.0,0.0,0.0,,,,,0.0,0,4.0,4.0,,False,0.0,"ForwardingRatio,IngressEgressDelta,ConsistencyScore"
210,NODE_F42DC973E618,root_COM20_tree_none_r1_20260715_013856_telem.csv,root,1.0,00:00:00:00:00:00,5,5,0.0,0.0,0.0,0.0,0.0,False,0.0,False,12.0,False,0.0,0.0,,,,0.0,0.0,0.0,0.0,,,,,0.0,0,4.0,4.0,,False,0.0,"ForwardingRatio,IngressEgressDelta,ConsistencyScore"
215,NODE_F42DC973E618,root_COM20_tree_none_r1_20260715_013856_telem.csv,root,1.0,00:00:00:00:00:00,5,5,0.0,0.0,0.0,0.0,0.0,False,0.0,False,12.0,False,0.0,0.0,,,,0.0,0.0,0.0,0.0,,,,,0.0,0,4.0,4.0,,False,0.0,"ForwardingRatio,IngressEgressDelta,ConsistencyScore"
220,NODE_F42DC973E618,root_COM20_tree_none_r1_20260715_013856_telem.csv,root,1.0,00:00:00:00:00:00,5,5,0.0,0.0,0.0,0.0,0.0,False,0.0,False,12.0,False,0.0,0.0,,,,0.0,0.0,0.0,0.0,,,,,0.0,0,4.0,4.0,,False,0.0,"ForwardingRatio,IngressEgressDelta,ConsistencyScore"
225,NODE_F42DC973E618,root_COM20_tree_none_r1_20260715_013856_telem.csv,root,1.0,00:00:00:00:00:00,5,5,0.0,0.0,0.0,0.0,0.0,False,0.0,False,12.0,False,0.0,0.0,,,,0.0,0.0,0.0,0.0,,,,,0.0,0,4.0,4.0,,False,0.0,"ForwardingRatio,IngressEgressDelta,ConsistencyScore"
230,NODE_F42DC973E618,root_COM20_tree_none_r1_20260715_013856_telem.csv,root,1.0,00:00:00:00:00:00,5,5,0.0,0.0,0.0,0.0,0.0,False,0.0,False,12.0,False,0.0,0.0,,,,0.0,0.0,0.0,0.0,,,,,0.0,0,4.0,4.0,,False,0.0,"ForwardingRatio,IngressEgressDelta,ConsistencyScore"
235,NODE_F42DC973E618,root_COM20_tree_none_r1_20260715_013856_telem.csv,root,1.0,00:00:00:00:00:00,5,5,0.0,0.0,0.0,0.0,0.0,False,0.0,False,12.0,False,0.0,0.0,,,,0.0,0.0,0.0,0.0,,,,,0.0,0,4.0,4.0,,False,0.0,"ForwardingRatio,IngressEgressDelta,ConsistencyScore"
240,NODE_F42DC973E618,root_COM20_tree_none_r1_20260715_013856_telem.csv,root,1.0,00:00:00:00:00:00,5,5,0.0,0.0,0.0,0.0,0.0,False,0.0,False,12.0,False,0.0,0.0,,,,0.0,0.0,0.0,0.0,,,,,0.0,0,4.0,4.0,,False,0.0,"ForwardingRatio,IngressEgressDelta,ConsistencyScore"
245,NODE_F42DC973E618,root_COM20_tree_none_r1_20260715_013856_telem.csv,root,1.0,00:00:00:00:00:00,5,5,0.0,0.0,0.0,0.0,0.0,False,0.0,False,11.0,False,0.0,0.0,,,,0.0,0.0,0.0,0.0,,,,,0.0,0,4.0,4.0,,False,0.0,"ForwardingRatio,IngressEgressDelta,ConsistencyScore"
250,NODE_F42DC973E618,root_COM20_tree_none_r1_20260715_013856_telem.csv,root,1.0,00:00:00:00:00:00,5,5,0.0,0.0,0.0,0.0,0.0,False,0.0,False,11.0,False,0.0,0.0,,,,0.0,0.0,0.0,0.0,,,,,0.0,0,4.0,4.0,,False,0.0,"ForwardingRatio,IngressEgressDelta,ConsistencyScore"
255,NODE_F42DC973E618,root_COM20_tree_none_r1_20260715_013856_telem.csv,root,1.0,00:00:00:00:00:00,5,5,0.0,0.0,0.0,0.0,0.0,False,0.0,False,13.0,False,0.0,0.0,,,,0.0,0.0,0.0,0.0,,,,,0.0,0,4.0,4.0,,False,0.0,"ForwardingRatio,IngressEgressDelta,ConsistencyScore"
260,NODE_F42DC973E618,root_COM20_tree_none_r1_20260715_013856_telem.csv,root,1.0,00:00:00:00:00:00,5,5,0.0,0.0,0.0,0.0,0.0,False,0.0,False,11.0,False,0.0,0.0,,,,0.0,0.0,0.0,0.0,,,,,0.0,0,4.0,4.0,,False,0.0,"ForwardingRatio,IngressEgressDelta,ConsistencyScore"
265,NODE_F42DC973E618,root_COM20_tree_none_r1_20260715_013856_telem.csv,root,1.0,00:00:00:00:00:00,5,5,0.0,0.0,0.0,0.0,0.0,False,0.0,False,12.0,False,0.0,0.0,,,,0.0,0.0,0.0,0.0,,,,,0.0,0,4.0,4.0,,False,0.0,"ForwardingRatio,IngressEgressDelta,ConsistencyScore"
270,NODE_F42DC973E618,root_COM20_tree_none_r1_20260715_013856_telem.csv,root,1.0,00:00:00:00:00:00,5,5,0.0,0.0,0.0,0.0,0.0,False,0.0,False,12.0,False,0.0,0.0,,,,0.0,0.0,0.0,0.0,,,,,0.0,0,4.0,4.0,,False,0.0,"ForwardingRatio,IngressEgressDelta,ConsistencyScore"
275,NODE_F42DC973E618,root_COM20_tree_none_r1_20260715_013856_telem.csv,root,1.0,00:00:00:00:00:00,5,5,0.0,0.0,0.0,0.0,0.0,False,0.0,False,12.0,False,0.0,0.0,,,,0.0,0.0,0.0,0.0,,,,,0.0,0,4.0,4.0,,False,0.0,"ForwardingRatio,IngressEgressDelta,ConsistencyScore"
280,NODE_F42DC973E618,root_COM20_tree_none_r1_20260715_013856_telem.csv,root,1.0,00:00:00:00:00:00,5,5,0.0,0.0,0.0,0.0,0.0,False,0.0,False,11.0,False,0.0,0.0,,,,0.0,0.0,0.0,0.0,,,,,0.0,0,4.0,4.0,,False,0.0,"ForwardingRatio,IngressEgressDelta,ConsistencyScore"
285,NODE_F42DC973E618,root_COM20_tree_none_r1_20260715_013856_telem.csv,root,1.0,00:00:00:00:00:00,5,5,0.0,0.0,0.0,0.0,0.0,False,0.0,False,14.0,False,0.0,0.0,,,,0.0,0.0,0.0,0.0,,,,,0.0,0,4.0,4.0,,False,0.0,"ForwardingRatio,IngressEgressDelta,ConsistencyScore"
290,NODE_F42DC973E618,root_COM20_tree_none_r1_20260715_013856_telem.csv,root,1.0,00:00:00:00:00:00,5,5,0.0,0.0,0.0,0.0,0.0,False,0.0,False,12.0,False,0.0,0.0,,,,0.0,0.0,0.0,0.0,,,,,0.0,0,4.0,4.0,,False,0.0,"ForwardingRatio,IngressEgressDelta,ConsistencyScore"
295,NODE_F42DC973E618,root_COM20_tree_none_r1_20260715_013856_telem.csv,root,1.0,00:00:00:00:00:00,5,5,0.0,0.0,0.0,0.0,0.0,False,0.0,False,12.0,False,0.0,0.0,,,,0.0,0.0,0.0,0.0,,,,,0.0,0,4.0,4.0,,False,0.0,"ForwardingRatio,IngressEgressDelta,ConsistencyScore"
300,NODE_F42DC973E618,root_COM20_tree_none_r1_20260715_013856_telem.csv,root,1.0,00:00:00:00:00:00,5,5,0.0,0.0,0.0,0.0,0.0,False,0.0,False,12.0,False,0.0,0.0,,,,0.0,0.0,0.0,0.0,,,,,0.0,0,4.0,4.0,,False,0.0,"ForwardingRatio,IngressEgressDelta,ConsistencyScore"
305,NODE_F42DC973E618,root_COM20_tree_none_r1_20260715_013856_telem.csv,root,1.0,00:00:00:00:00:00,5,5,0.0,0.0,0.0,0.0,0.0,False,0.0,False,12.0,False,0.0,0.0,,,,0.0,0.0,0.0,0.0,,,,,0.0,0,4.0,4.0,,False,0.0,"ForwardingRatio,IngressEgressDelta,ConsistencyScore"
310,NODE_F42DC973E618,root_COM20_tree_none_r1_20260715_013856_telem.csv,root,1.0,00:00:00:00:00:00,5,5,0.0,0.0,0.0,0.0,0.0,False,0.0,False,12.0,False,0.0,0.0,,,,0.0,0.0,0.0,0.0,,,,,0.0,0,4.0,4.0,,False,0.0,"ForwardingRatio,IngressEgressDelta,ConsistencyScore"
315,NODE_F42DC973E618,root_COM20_tree_none_r1_20260715_013856_telem.csv,root,1.0,00:00:00:00:00:00,5,5,0.0,0.0,0.0,0.0,0.0,False,0.0,False,12.0,False,0.0,0.0,,,,0.0,0.0,0.0,0.0,,,,,0.0,0,4.0,4.0,,False,0.0,"ForwardingRatio,IngressEgressDelta,ConsistencyScore"
320,NODE_F42DC973E618,root_COM20_tree_none_r1_20260715_013856_telem.csv,root,1.0,00:00:00:00:00:00,5,5,0.0,0.0,0.0,0.0,0.0,False,0.0,False,11.0,False,0.0,0.0,,,,0.0,0.0,0.0,0.0,,,,,0.0,0,4.0,4.0,,False,0.0,"ForwardingRatio,IngressEgressDelta,ConsistencyScore"
325,NODE_F42DC973E618,root_COM20_tree_none_r1_20260715_013856_telem.csv,root,1.0,00:00:00:00:00:00,5,5,0.0,0.0,0.0,0.0,0.0,False,0.0,False,12.0,False,0.0,0.0,,,,0.0,0.0,0.0,0.0,,,,,0.0,0,4.0,4.0,,False,0.0,"ForwardingRatio,IngressEgressDelta,ConsistencyScore"
330,NODE_F42DC973E618,root_COM20_tree_none_r1_20260715_013856_telem.csv,root,1.0,00:00:00:00:00:00,5,5,0.0,0.0,0.0,0.0,0.0,False,0.0,False,11.0,False,0.0,0.0,,,,0.0,0.0,0.0,0.0,,,,,0.0,0,4.0,4.0,,False,0.0,"ForwardingRatio,IngressEgressDelta,ConsistencyScore"
335,NODE_F42DC973E618,root_COM20_tree_none_r1_20260715_013856_telem.csv,root,1.0,00:00:00:00:00:00,5,5,0.0,0.0,0.0,0.0,0.0,False,0.0,False,12.0,False,0.0,0.0,,,,0.0,0.0,0.0,0.0,,,,,0.0,0,4.0,4.0,,False,0.0,"ForwardingRatio,IngressEgressDelta,ConsistencyScore"
340,NODE_F42DC973E618,root_COM20_tree_none_r1_20260715_013856_telem.csv,root,1.0,00:00:00:00:00:00,5,5,0.0,0.0,0.0,0.0,0.0,False,0.0,False,12.0,False,0.0,0.0,,,,0.0,0.0,0.0,0.0,,,,,0.0,0,4.0,4.0,,False,0.0,"ForwardingRatio,IngressEgressDelta,ConsistencyScore"
345,NODE_F42DC973E618,root_COM20_tree_none_r1_20260715_013856_telem.csv,root,1.0,00:00:00:00:00:00,5,5,0.0,0.0,0.0,0.0,0.0,False,0.0,False,12.0,False,0.0,0.0,,,,0.0,0.0,0.0,0.0,,,,,0.0,0,4.0,4.0,,False,0.0,"ForwardingRatio,IngressEgressDelta,ConsistencyScore"
350,NODE_F42DC973E618,root_COM20_tree_none_r1_20260715_013856_telem.csv,root,1.0,00:00:00:00:00:00,5,5,0.0,0.0,0.0,0.0,0.0,False,0.0,False,12.0,False,0.0,0.0,,,,0.0,0.0,0.0,0.0,,,,,0.0,0,4.0,4.0,,False,0.0,"ForwardingRatio,IngressEgressDelta,ConsistencyScore"
355,NODE_F42DC973E618,root_COM20_tree_none_r1_20260715_013856_telem.csv,root,1.0,00:00:00:00:00:00,5,5,0.0,0.0,0.0,0.0,0.0,False,0.0,False,12.0,False,0.0,0.0,,,,0.0,0.0,0.0,0.0,,,,,0.0,0,4.0,4.0,,False,0.0,"ForwardingRatio,IngressEgressDelta,ConsistencyScore"
360,NODE_F42DC973E618,root_COM20_tree_none_r1_20260715_013856_telem.csv,root,1.0,00:00:00:00:00:00,5,5,0.0,0.0,0.0,0.0,0.0,False,5.0,False,12.0,False,0.0,3.0,,,,0.0,0.0,0.0,0.0,,,,,0.0,0,4.0,4.0,,False,0.0,"ForwardingRatio,IngressEgressDelta,ConsistencyScore"
365,NODE_F42DC973E618,root_COM20_tree_none_r1_20260715_013856_telem.csv,root,1.0,00:00:00:00:00:00,5,5,0.0,0.0,0.0,0.0,0.0,False,0.0,False,14.0,False,0.0,3.0,,,,0.0,0.0,0.0,0.0,,,,,0.0,0,4.0,4.0,,False,0.0,"ForwardingRatio,IngressEgressDelta,ConsistencyScore"
370,NODE_F42DC973E618,root_COM20_tree_none_r1_20260715_013856_telem.csv,root,1.0,00:00:00:00:00:00,5,5,0.0,0.0,0.0,0.0,0.0,False,0.0,False,11.0,False,0.0,3.0,,,,0.0,0.0,0.0,0.0,,,,,0.0,0,4.0,4.0,,False,0.0,"ForwardingRatio,IngressEgressDelta,ConsistencyScore"
375,NODE_F42DC973E618,root_COM20_tree_none_r1_20260715_013856_telem.csv,root,1.0,00:00:00:00:00:00,5,5,0.0,0.0,0.0,0.0,0.0,False,0.0,False,12.0,False,0.0,3.0,,,,0.0,0.0,0.0,0.0,,,,,0.0,0,4.0,4.0,,False,0.0,"ForwardingRatio,IngressEgressDelta,ConsistencyScore"
380,NODE_F42DC973E618,root_COM20_tree_none_r1_20260715_013856_telem.csv,root,1.0,00:00:00:00:00:00,5,5,0.0,0.0,0.0,0.0,0.0,False,0.0,False,12.0,False,0.0,3.0,,,,0.0,0.0,0.0,0.0,,,,,0.0,0,4.0,4.0,,False,0.0,"ForwardingRatio,IngressEgressDelta,ConsistencyScore"
385,NODE_F42DC973E618,root_COM20_tree_none_r1_20260715_013856_telem.csv,root,1.0,00:00:00:00:00:00,5,5,0.0,0.0,0.0,0.0,0.0,False,0.0,False,12.0,False,0.0,3.0,,,,0.0,0.0,0.0,0.0,,,,,0.0,0,4.0,4.0,,False,0.0,"ForwardingRatio,IngressEgressDelta,ConsistencyScore"
390,NODE_F42DC973E618,root_COM20_tree_none_r1_20260715_013856_telem.csv,root,1.0,00:00:00:00:00:00,5,5,0.0,0.0,0.0,0.0,0.0,False,0.0,False,13.0,False,0.0,3.0,,,,0.0,0.0,0.0,0.0,,,,,0.0,0,4.0,4.0,,False,0.0,"ForwardingRatio,IngressEgressDelta,ConsistencyScore"
395,NODE_F42DC973E618,root_COM20_tree_none_r1_20260715_013856_telem.csv,root,1.0,00:00:00:00:00:00,5,5,0.0,0.0,0.0,0.0,0.0,False,0.0,False,12.0,False,0.0,3.0,,,,0.0,0.0,0.0,0.0,,,,,0.0,0,4.0,4.0,,False,0.0,"ForwardingRatio,IngressEgressDelta,ConsistencyScore"
400,NODE_F42DC973E618,root_COM20_tree_none_r1_20260715_013856_telem.csv,root,1.0,00:00:00:00:00:00,5,5,0.0,0.0,0.0,0.0,0.0,False,0.0,False,11.0,False,0.0,3.0,,,,0.0,0.0,0.0,0.0,,,,,0.0,0,4.0,4.0,,False,0.0,"ForwardingRatio,IngressEgressDelta,ConsistencyScore"
405,NODE_F42DC973E618,root_COM20_tree_none_r1_20260715_013856_telem.csv,root,1.0,00:00:00:00:00:00,5,5,0.0,0.0,0.0,0.0,0.0,False,0.0,False,10.0,False,0.0,3.0,,,,0.0,0.0,0.0,0.0,,,,,0.0,0,4.0,4.0,,False,0.0,"ForwardingRatio,IngressEgressDelta,ConsistencyScore"
410,NODE_F42DC973E618,root_COM20_tree_none_r1_20260715_013856_telem.csv,root,1.0,00:00:00:00:00:00,5,5,0.0,0.0,0.0,0.0,0.0,False,0.0,False,12.0,False,0.0,3.0,,,,0.0,0.0,0.0,0.0,,,,,0.0,0,4.0,4.0,,False,0.0,"ForwardingRatio,IngressEgressDelta,ConsistencyScore"
415,NODE_F42DC973E618,root_COM20_tree_none_r1_20260715_013856_telem.csv,root,1.0,00:00:00:00:00:00,5,5,0.0,0.0,0.0,0.0,0.0,False,0.0,False,10.0,False,0.0,3.0,,,,0.0,0.0,0.0,0.0,,,,,0.0,0,4.0,4.0,,False,0.0,"ForwardingRatio,IngressEgressDelta,ConsistencyScore"
420,NODE_F42DC973E618,root_COM20_tree_none_r1_20260715_013856_telem.csv,root,1.0,00:00:00:00:00:00,5,5,0.0,0.0,0.0,0.0,0.0,False,0.0,False,10.0,False,0.0,3.0,,,,0.0,0.0,0.0,0.0,,,,,0.0,0,4.0,4.0,,False,0.0,"ForwardingRatio,IngressEgressDelta,ConsistencyScore"
425,NODE_F42DC973E618,root_COM20_tree_none_r1_20260715_013856_telem.csv,root,1.0,00:00:00:00:00:00,5,5,0.0,0.0,0.0,0.0,0.0,False,0.0,False,12.0,False,0.0,3.0,,,,0.0,0.0,0.0,0.0,,,,,0.0,0,4.0,4.0,,False,0.0,"ForwardingRatio,IngressEgressDelta,ConsistencyScore"
430,NODE_F42DC973E618,root_COM20_tree_none_r1_20260715_013856_telem.csv,root,1.0,00:00:00:00:00:00,5,5,0.0,0.0,0.0,0.0,0.0,False,0.0,False,10.0,False,0.0,3.0,,,,0.0,0.0,0.0,0.0,,,,,0.0,0,4.0,4.0,,False,0.0,"ForwardingRatio,IngressEgressDelta,ConsistencyScore"
435,NODE_F42DC973E618,root_COM20_tree_none_r1_20260715_013856_telem.csv,root,1.0,00:00:00:00:00:00,5,5,0.0,0.0,0.0,0.0,0.0,False,0.0,False,12.0,False,0.0,3.0,,,,0.0,0.0,0.0,0.0,,,,,0.0,0,4.0,4.0,,False,0.0,"ForwardingRatio,IngressEgressDelta,ConsistencyScore"
440,NODE_F42DC973E618,root_COM20_tree_none_r1_20260715_013856_telem.csv,root,1.0,00:00:00:00:00:00,5,5,0.0,0.0,0.0,0.0,0.0,False,0.0,False,9.0,False,0.0,3.0,,,,0.0,0.0,0.0,0.0,,,,,0.0,0,4.0,4.0,,False,0.0,"ForwardingRatio,IngressEgressDelta,ConsistencyScore"
445,NODE_F42DC973E618,root_COM20_tree_none_r1_20260715_013856_telem.csv,root,1.0,00:00:00:00:00:00,4,5,0.0,0.0,0.0,0.0,0.0,False,0.0,False,8.0,False,0.0,3.0,,,,0.0,0.0,0.0,0.0,,,,,0.0,0,4.0,4.0,,False,0.0,"ForwardingRatio,IngressEgressDelta,ConsistencyScore"
450,NODE_F42DC973E618,root_COM20_tree_none_r1_20260715_013856_telem.csv,root,1.0,00:00:00:00:00:00,5,5,0.0,0.0,0.0,0.0,0.0,False,0.0,False,8.0,False,0.0,3.0,,,,0.0,0.0,0.0,0.0,,,,,0.0,0,4.0,4.0,,False,0.0,"ForwardingRatio,IngressEgressDelta,ConsistencyScore"
460,NODE_F42DC973E618,root_COM20_tree_none_r1_20260715_013856_telem.csv,root,1.0,00:00:00:00:00:00,4,5,0.0,0.0,0.0,0.0,0.0,False,0.0,False,5.0,False,0.0,3.0,,,,0.0,0.0,0.0,0.0,,,,,0.0,0,4.0,4.0,,False,0.0,"ForwardingRatio,IngressEgressDelta,ConsistencyScore"
465,NODE_F42DC973E618,root_COM20_tree_none_r1_20260715_013856_telem.csv,root,1.0,00:00:00:00:00:00,4,5,0.0,0.0,0.0,0.0,0.0,False,0.0,False,5.0,False,0.0,3.0,,,,0.0,0.0,0.0,0.0,,,,,0.0,0,4.0,4.0,,False,0.0,"ForwardingRatio,IngressEgressDelta,ConsistencyScore"
470,NODE_F42DC973E618,root_COM20_tree_none_r1_20260715_013856_telem.csv,root,1.0,00:00:00:00:00:00,4,5,0.0,0.0,0.0,0.0,0.0,False,0.0,False,8.0,False,0.0,3.0,,,,0.0,0.0,0.0,0.0,,,,,0.0,0,3.0,3.0,,False,0.0,"ForwardingRatio,IngressEgressDelta,ConsistencyScore"
475,NODE_F42DC973E618,root_COM20_tree_none_r1_20260715_013856_telem.csv,root,1.0,00:00:00:00:00:00,5,5,0.0,0.0,0.0,0.0,0.0,False,0.0,False,14.0,False,0.0,3.0,,,,0.0,0.0,0.0,0.0,,,,,0.0,0,4.0,4.0,,False,0.0,"ForwardingRatio,IngressEgressDelta,ConsistencyScore"
