timestamp_us,node_id,role,layer,parent_mac,rssi_dbm,retry_count,tx_count,probes_count,phase_id,gt_label
1611079,NODE_B4BFE934ED80,root,1,00:00:00:00:00:00,0,0,0,0,0,0
2602654,NODE_B4BFE934ED80,root,1,00:00:00:00:00:00,0,0,0,2,0,0
3602654,NODE_B4BFE934ED80,root,1,00:00:00:00:00:00,0,0,0,4,0,0
4602654,NODE_B4BFE934ED80,root,1,00:00:00:00:00:00,0,0,0,6,0,0
5602654,NODE_B4BFE934ED80,root,1,00:00:00:00:00:00,0,0,0,8,0,0
6612654,NODE_B4BFE934ED80,root,1,00:00:00:00:00:00,0,0,0,10,0,0
7612646,NODE_B4BFE934ED80,root,1,00:00:00:00:00:00,0,0,0,12,0,0
8692658,NODE_B4BFE934ED80,root,1,00:00:00:00:00:00,0,0,0,14,0,0
9692646,NODE_B4BFE934ED80,root,1,00:00:00:00:00:00,0,0,0,16,0,0
10702650,NODE_B4BFE934ED80,root,1,00:00:00:00:00:00,0,0,0,18,0,0
11712650,NODE_B4BFE934ED80,root,1,00:00:00:00:00:00,0,0,0,20,0,0
12712654,NODE_B4BFE934ED80,root,1,00:00:00:00:00:00,0,0,0,22,0,0
13722646,NODE_B4BFE934ED80,root,1,00:00:00:00:00:00,0,0,0,24,0,0
14722654,NODE_B4BFE934ED80,root,1,00:00:00:00:00:00,0,0,0,26,0,0
15732646,NODE_B4BFE934ED80,root,1,00:00:00:00:00:00,0,0,0,28,0,0
16732650,NODE_B4BFE934ED80,root,1,00:00:00:00:00:00,0,0,0,30,0,0
17802658,NODE_B4BFE934ED80,root,1,00:00:00:00:00:00,0,0,0,32,0,0
18802650,NODE_B4BFE934ED80,root,1,00:00:00:00:00:00,0,0,0,34,0,0
19812646,NODE_B4BFE934ED80,root,1,00:00:00:00:00:00,0,0,0,36,0,0
20812654,NODE_B4BFE934ED80,root,1,00:00:00:00:00:00,0,0,0,38,0,0
21822650,NODE_B4BFE934ED80,root,1,00:00:00:00:00:00,0,0,0,40,0,0
22822650,NODE_B4BFE934ED80,root,1,00:00:00:00:00:00,0,0,0,42,0,0
23832654,NODE_B4BFE934ED80,root,1,00:00:00:00:00:00,0,0,0,44,0,0
24832650,NODE_B4BFE934ED80,root,1,00:00:00:00:00:00,0,0,0,46,0,0
25842646,NODE_B4BFE934ED80,root,1,00:00:00:00:00:00,0,0,0,48,0,0
26842658,NODE_B4BFE934ED80,root,1,00:00:00:00:00:00,0,0,0,50,0,0
27852646,NODE_B4BFE934ED80,root,1,00:00:00:00:00:00,0,0,0,52,0,0
28852650,NODE_B4BFE934ED80,root,1,00:00:00:00:00:00,0,0,0,54,0,0
29862650,NODE_B4BFE934ED80,root,1,00:00:00:00:00:00,0,0,0,56,0,0
30862650,NODE_B4BFE934ED80,root,1,00:00:00:00:00:00,0,0,0,58,0,0
31872650,NODE_B4BFE934ED80,root,1,00:00:00:00:00:00,0,0,0,60,0,0
32872654,NODE_B4BFE934ED80,root,1,00:00:00:00:00:00,0,0,0,62,0,0
33882650,NODE_B4BFE934ED80,root,1,00:00:00:00:00:00,0,0,0,64,0,0
34882650,NODE_B4BFE934ED80,root,1,00:00:00:00:00:00,0,0,0,66,0,0
35892650,NODE_B4BFE934ED80,root,1,00:00:00:00:00:00,0,0,0,68,0,0
36892658,NODE_B4BFE934ED80,root,1,00:00:00:00:00:00,0,0,0,70,0,0
37902646,NODE_B4BFE934ED80,root,1,00:00:00:00:00:00,0,0,0,72,0,0
38902654,NODE_B4BFE934ED80,root,1,00:00:00:00:00:00,0,0,0,74,0,0
39912650,NODE_B4BFE934ED80,root,1,00:00:00:00:00:00,0,0,0,76,0,0
40912650,NODE_B4BFE934ED80,root,1,00:00:00:00:00:00,0,0,0,78,0,0
42002654,NODE_B4BFE934ED80,root,1,00:00:00:00:00:00,0,0,0,80,0,0
43002654,NODE_B4BFE934ED80,root,1,00:00:00:00:00:00,0,0,0,82,0,0
44012646,NODE_B4BFE934ED80,root,1,00:00:00:00:00:00,0,0,0,84,0,0
45012654,NODE_B4BFE934ED80,root,1,00:00:00:00:00:00,0,0,0,86,0,0
46022650,NODE_B4BFE934ED80,root,1,00:00:00:00:00:00,0,0,0,88,0,0
47022654,NODE_B4BFE934ED80,root,1,00:00:00:00:00:00,0,0,0,90,0,0
48032650,NODE_B4BFE934ED80,root,1,00:00:00:00:00:00,0,0,0,92,0,0
49032654,NODE_B4BFE934ED80,root,1,00:00:00:00:00:00,0,0,0,94,0,0
50042646,NODE_B4BFE934ED80,root,1,00:00:00:00:00:00,0,0,0,96,0,0
51042654,NODE_B4BFE934ED80,root,1,00:00:00:00:00:00,0,0,0,98,0,0
52112658,NODE_B4BFE934ED80,root,1,00:00:00:00:00:00,0,0,0,100,0,0
53112654,NODE_B4BFE934ED80,root,1,00:00:00:00:00:00,0,0,0,102,0,0
54122650,NODE_B4BFE934ED80,root,1,00:00:00:00:00:00,0,0,0,104,0,0
55122654,NODE_B4BFE934ED80,root,1,00:00:00:00:00:00,0,0,0,106,0,0
56132654,NODE_B4BFE934ED80,root,1,00:00:00:00:00:00,0,0,0,108,0,0
57132654,NODE_B4BFE934ED80,root,1,00:00:00:00:00:00,0,0,0,110,0,0
58142650,NODE_B4BFE934ED80,root,1,00:00:00:00:00:00,0,0,0,112,0,0
59142654,NODE_B4BFE934ED80,root,1,00:00:00:00:00:00,0,0,0,114,0,0
60152650,NODE_B4BFE934ED80,root,1,00:00:00:00:00:00,0,0,0,116,0,0
61152658,NODE_B4BFE934ED80,root,1,00:00:00:00:00:00,0,0,0,118,0,0
62162654,NODE_B4BFE934ED80,root,1,00:00:00:00:00:00,0,0,5,120,0,0
63162654,NODE_B4BFE934ED80,root,1,00:00:00:00:00:00,0,0,5,122,0,0
64172650,NODE_B4BFE934ED80,root,1,00:00:00:00:00:00,0,0,5,124,0,0
65172654,NODE_B4BFE934ED80,root,1,00:00:00:00:00:00,0,0,5,126,0,0
66182654,NODE_B4BFE934ED80,root,1,00:00:00:00:00:00,0,0,5,128,0,0
67182654,NODE_B4BFE934ED80,root,1,00:00:00:00:00:00,0,0,5,130,0,0
68192654,NODE_B4BFE934ED80,root,1,00:00:00:00:00:00,0,0,5,132,0,0
69192654,NODE_B4BFE934ED80,root,1,00:00:00:00:00:00,0,0,5,134,0,0
70202658,NODE_B4BFE934ED80,root,1,00:00:00:00:00:00,0,0,5,136,0,0
71202654,NODE_B4BFE934ED80,root,1,00:00:00:00:00:00,0,0,5,138,0,0
72212654,NODE_B4BFE934ED80,root,1,00:00:00:00:00:00,0,0,5,140,0,0
73212654,NODE_B4BFE934ED80,root,1,00:00:00:00:00:00,0,0,5,142,0,0
74222654,NODE_B4BFE934ED80,root,1,00:00:00:00:00:00,0,0,5,144,0,0
75223078,NODE_B4BFE934ED80,root,1,00:00:00:00:00:00,0,0,5,147,0,0
76222658,NODE_B4BFE934ED80,root,1,00:00:00:00:00:00,0,0,5,148,0,0
77223150,NODE_B4BFE934ED80,root,1,00:00:00:00:00:00,0,0,5,151,0,0
78222646,NODE_B4BFE934ED80,root,1,00:00:00:00:00:00,0,0,5,153,0,0
79223025,NODE_B4BFE934ED80,root,1,00:00:00:00:00:00,0,0,5,155,0,0
80302654,NODE_B4BFE934ED80,root,1,00:00:00:00:00:00,0,0,5,157,0,0
81302650,NODE_B4BFE934ED80,root,1,00:00:00:00:00:00,0,0,5,159,0,0
82312650,NODE_B4BFE934ED80,root,1,00:00:00:00:00:00,0,0,5,161,0,0
83312650,NODE_B4BFE934ED80,root,1,00:00:00:00:00:00,0,0,5,163,0,0
84322654,NODE_B4BFE934ED80,root,1,00:00:00:00:00:00,0,0,5,165,0,0
85322654,NODE_B4BFE934ED80,root,1,00:00:00:00:00:00,0,0,5,167,0,0
86332650,NODE_B4BFE934ED80,root,1,00:00:00:00:00:00,0,0,5,169,0,0
87332650,NODE_B4BFE934ED80,root,1,00:00:00:00:00:00,0,0,5,171,0,0
88342650,NODE_B4BFE934ED80,root,1,00:00:00:00:00:00,0,0,5,173,0,0
89342658,NODE_B4BFE934ED80,root,1,00:00:00:00:00:00,0,0,5,175,0,0
90352693,NODE_B4BFE934ED80,root,1,00:00:00:00:00:00,0,0,5,177,0,0
91352646,NODE_B4BFE934ED80,root,1,00:00:00:00:00:00,0,0,5,179,0,0
92362654,NODE_B4BFE934ED80,root,1,00:00:00:00:00:00,0,0,5,181,0,0
93362646,NODE_B4BFE934ED80,root,1,00:00:00:00:00:00,0,0,5,183,0,0
94372654,NODE_B4BFE934ED80,root,1,00:00:00:00:00:00,0,0,5,185,0,0
95372650,NODE_B4BFE934ED80,root,1,00:00:00:00:00:00,0,0,5,187,0,0
96382650,NODE_B4BFE934ED80,root,1,00:00:00:00:00:00,0,0,5,189,0,0
97382646,NODE_B4BFE934ED80,root,1,00:00:00:00:00:00,0,0,5,191,0,0
98392654,NODE_B4BFE934ED80,root,1,00:00:00:00:00:00,0,0,5,193,0,0
99392650,NODE_B4BFE934ED80,root,1,00:00:00:00:00:00,0,0,5,195,0,0
100402650,NODE_B4BFE934ED80,root,1,00:00:00:00:00:00,0,0,5,197,0,0
101402654,NODE_B4BFE934ED80,root,1,00:00:00:00:00:00,0,0,5,199,0,0
102412649,NODE_B4BFE934ED80,root,1,00:00:00:00:00:00,0,0,5,201,0,0
103412658,NODE_B4BFE934ED80,root,1,00:00:00:00:00:00,0,0,5,203,0,0
104422654,NODE_B4BFE934ED80,root,1,00:00:00:00:00:00,0,0,5,205,0,0
105422650,NODE_B4BFE934ED80,root,1,00:00:00:00:00:00,0,0,5,207,0,0
106432646,NODE_B4BFE934ED80,root,1,00:00:00:00:00:00,0,0,5,209,0,0
107432654,NODE_B4BFE934ED80,root,1,00:00:00:00:00:00,0,0,5,211,0,0
108442650,NODE_B4BFE934ED80,root,1,00:00:00:00:00:00,0,0,5,213,0,0
109442650,NODE_B4BFE934ED80,root,1,00:00:00:00:00:00,0,0,5,215,0,0
110452650,NODE_B4BFE934ED80,root,1,00:00:00:00:00:00,0,0,5,217,0,0
111452650,NODE_B4BFE934ED80,root,1,00:00:00:00:00:00,0,0,5,219,0,0
112462654,NODE_B4BFE934ED80,root,1,00:00:00:00:00:00,0,0,5,221,0,0
113462654,NODE_B4BFE934ED80,root,1,00:00:00:00:00:00,0,0,5,223,0,0
114472650,NODE_B4BFE934ED80,root,1,00:00:00:00:00:00,0,0,5,225,0,0
115472650,NODE_B4BFE934ED80,root,1,00:00:00:00:00:00,0,0,5,227,0,0
116482654,NODE_B4BFE934ED80,root,1,00:00:00:00:00:00,0,0,5,229,0,0
117482646,NODE_B4BFE934ED80,root,1,00:00:00:00:00:00,0,0,5,231,0,0
118552654,NODE_B4BFE934ED80,root,1,00:00:00:00:00:00,0,0,5,233,0,0
119552650,NODE_B4BFE934ED80,root,1,00:00:00:00:00:00,0,0,5,235,0,0
120562650,NODE_B4BFE934ED80,root,1,00:00:00:00:00:00,0,0,5,237,0,0
121562650,NODE_B4BFE934ED80,root,1,00:00:00:00:00:00,0,0,5,239,0,0
122642654,NODE_B4BFE934ED80,root,1,00:00:00:00:00:00,0,0,5,242,0,0
123642650,NODE_B4BFE934ED80,root,1,00:00:00:00:00:00,0,0,5,244,0,0
124652650,NODE_B4BFE934ED80,root,1,00:00:00:00:00:00,0,0,5,246,0,0
125652650,NODE_B4BFE934ED80,root,1,00:00:00:00:00:00,0,0,5,248,0,0
126688001,NODE_B4BFE934ED80,root,1,00:00:00:00:00:00,0,0,5,250,0,0
127682653,NODE_B4BFE934ED80,root,1,00:00:00:00:00:00,0,0,5,252,0,0
128692646,NODE_B4BFE934ED80,root,1,00:00:00:00:00:00,0,0,5,254,0,0
129692650,NODE_B4BFE934ED80,root,1,00:00:00:00:00:00,0,0,5,256,0,0
130702646,NODE_B4BFE934ED80,root,1,00:00:00:00:00:00,0,0,5,258,0,0
131702763,NODE_B4BFE934ED80,root,1,00:00:00:00:00:00,0,0,5,260,0,0
132702654,NODE_B4BFE934ED80,root,1,00:00:00:00:00:00,0,0,5,262,0,0
133702650,NODE_B4BFE934ED80,root,1,00:00:00:00:00:00,0,0,5,264,0,0
134712650,NODE_B4BFE934ED80,root,1,00:00:00:00:00:00,0,0,5,266,0,0
135712759,NODE_B4BFE934ED80,root,1,00:00:00:00:00:00,0,0,5,268,0,0
136712658,NODE_B4BFE934ED80,root,1,00:00:00:00:00:00,0,0,5,270,0,0
137712654,NODE_B4BFE934ED80,root,1,00:00:00:00:00:00,0,0,5,272,0,0
138722646,NODE_B4BFE934ED80,root,1,00:00:00:00:00:00,0,0,5,274,0,0
139722654,NODE_B4BFE934ED80,root,1,00:00:00:00:00:00,0,0,5,276,0,0
140802650,NODE_B4BFE934ED80,root,1,00:00:00:00:00:00,0,0,5,278,0,0
141802654,NODE_B4BFE934ED80,root,1,00:00:00:00:00:00,0,0,5,280,0,0
142812654,NODE_B4BFE934ED80,root,1,00:00:00:00:00:00,0,0,5,282,0,0
143812654,NODE_B4BFE934ED80,root,1,00:00:00:00:00:00,0,0,5,284,0,0
144822658,NODE_B4BFE934ED80,root,1,00:00:00:00:00:00,0,0,5,286,0,0
145822654,NODE_B4BFE934ED80,root,1,00:00:00:00:00:00,0,0,5,288,0,0
146832654,NODE_B4BFE934ED80,root,1,00:00:00:00:00:00,0,0,5,290,0,0
147832654,NODE_B4BFE934ED80,root,1,00:00:00:00:00:00,0,0,5,292,0,0
148842654,NODE_B4BFE934ED80,root,1,00:00:00:00:00:00,0,0,5,294,0,0
149842650,NODE_B4BFE934ED80,root,1,00:00:00:00:00:00,0,0,5,296,0,0
150852654,NODE_B4BFE934ED80,root,1,00:00:00:00:00:00,0,0,5,298,0,0
151852646,NODE_B4BFE934ED80,root,1,00:00:00:00:00:00,0,0,5,300,0,0
152862654,NODE_B4BFE934ED80,root,1,00:00:00:00:00:00,0,0,5,302,0,0
153862658,NODE_B4BFE934ED80,root,1,00:00:00:00:00:00,0,0,5,304,0,0
154872654,NODE_B4BFE934ED80,root,1,00:00:00:00:00:00,0,0,5,306,0,0
155872654,NODE_B4BFE934ED80,root,1,00:00:00:00:00:00,0,0,5,308,0,0
156882654,NODE_B4BFE934ED80,root,1,00:00:00:00:00:00,0,0,5,310,0,0
157882654,NODE_B4BFE934ED80,root,1,00:00:00:00:00:00,0,0,5,312,0,0
158892658,NODE_B4BFE934ED80,root,1,00:00:00:00:00:00,0,0,5,314,0,0
159892654,NODE_B4BFE934ED80,root,1,00:00:00:00:00:00,0,0,5,316,0,0
160902646,NODE_B4BFE934ED80,root,1,00:00:00:00:00:00,0,0,5,318,0,0
161902654,NODE_B4BFE934ED80,root,1,00:00:00:00:00:00,0,0,5,320,0,0
162912646,NODE_B4BFE934ED80,root,1,00:00:00:00:00:00,0,0,5,322,0,0
163912658,NODE_B4BFE934ED80,root,1,00:00:00:00:00:00,0,0,5,324,0,0
164922650,NODE_B4BFE934ED80,root,1,00:00:00:00:00:00,0,0,5,326,0,0
165922654,NODE_B4BFE934ED80,root,1,00:00:00:00:00:00,0,0,5,328,0,0
166932654,NODE_B4BFE934ED80,root,1,00:00:00:00:00:00,0,0,5,330,0,0
167932654,NODE_B4BFE934ED80,root,1,00:00:00:00:00:00,0,0,5,332,0,0
168942658,NODE_B4BFE934ED80,root,1,00:00:00:00:00:00,0,0,5,334,0,0
169942646,NODE_B4BFE934ED80,root,1,00:00:00:00:00:00,0,0,5,336,0,0
170952654,NODE_B4BFE934ED80,root,1,00:00:00:00:00:00,0,0,5,338,0,0
171952650,NODE_B4BFE934ED80,root,1,00:00:00:00:00:00,0,0,5,340,0,0
172962658,NODE_B4BFE934ED80,root,1,00:00:00:00:00:00,0,0,5,342,0,0
173962646,NODE_B4BFE934ED80,root,1,00:00:00:00:00:00,0,0,5,344,0,0
174972654,NODE_B4BFE934ED80,root,1,00:00:00:00:00:00,0,0,5,346,0,0
175972654,NODE_B4BFE934ED80,root,1,00:00:00:00:00:00,0,0,5,348,0,0
176982650,NODE_B4BFE934ED80,root,1,00:00:00:00:00:00,0,0,5,350,0,0
177982657,NODE_B4BFE934ED80,root,1,00:00:00:00:00:00,0,0,5,352,0,0
178992654,NODE_B4BFE934ED80,root,1,00:00:00:00:00:00,0,0,5,354,0,0
179992654,NODE_B4BFE934ED80,root,1,00:00:00:00:00:00,0,0,5,356,0,0
181002650,NODE_B4BFE934ED80,root,1,00:00:00:00:00:00,0,0,5,358,0,0
182002654,NODE_B4BFE934ED80,root,1,00:00:00:00:00:00,0,0,5,360,0,0
183072654,NODE_B4BFE934ED80,root,1,00:00:00:00:00:00,0,0,5,362,0,0
184072654,NODE_B4BFE934ED80,root,1,00:00:00:00:00:00,0,0,5,364,0,0
185082650,NODE_B4BFE934ED80,root,1,00:00:00:00:00:00,0,0,5,366,0,0
186082654,NODE_B4BFE934ED80,root,1,00:00:00:00:00:00,0,0,5,368,0,0
187092658,NODE_B4BFE934ED80,root,1,00:00:00:00:00:00,0,0,5,370,0,0
188092654,NODE_B4BFE934ED80,root,1,00:00:00:00:00:00,0,0,5,372,0,0
189102654,NODE_B4BFE934ED80,root,1,00:00:00:00:00:00,0,0,5,374,0,0
190102654,NODE_B4BFE934ED80,root,1,00:00:00:00:00:00,0,0,5,376,0,0
191112654,NODE_B4BFE934ED80,root,1,00:00:00:00:00:00,0,0,5,378,0,0
192112654,NODE_B4BFE934ED80,root,1,00:00:00:00:00:00,0,0,5,380,0,0
193122654,NODE_B4BFE934ED80,root,1,00:00:00:00:00:00,0,0,5,382,0,0
194122650,NODE_B4BFE934ED80,root,1,00:00:00:00:00:00,0,0,5,384,0,0
195132654,NODE_B4BFE934ED80,root,1,00:00:00:00:00:00,0,0,5,386,0,0
196132654,NODE_B4BFE934ED80,root,1,00:00:00:00:00:00,0,0,5,388,0,0
197202658,NODE_B4BFE934ED80,root,1,00:00:00:00:00:00,0,0,5,390,0,0
198202654,NODE_B4BFE934ED80,root,1,00:00:00:00:00:00,0,0,5,392,0,0
199212654,NODE_B4BFE934ED80,root,1,00:00:00:00:00:00,0,0,5,394,0,0
200212654,NODE_B4BFE934ED80,root,1,00:00:00:00:00:00,0,0,5,396,0,0
201223039,NODE_B4BFE934ED80,root,1,00:00:00:00:00:00,0,0,5,399,0,0
202223030,NODE_B4BFE934ED80,root,1,00:00:00:00:00:00,0,0,5,401,0,0
203223150,NODE_B4BFE934ED80,root,1,00:00:00:00:00:00,0,0,5,403,0,0
204222654,NODE_B4BFE934ED80,root,1,00:00:00:00:00:00,0,0,5,404,0,0
205232654,NODE_B4BFE934ED80,root,1,00:00:00:00:00:00,0,0,5,407,0,0
206232950,NODE_B4BFE934ED80,root,1,00:00:00:00:00:00,0,0,5,409,0,0
207232650,NODE_B4BFE934ED80,root,1,00:00:00:00:00:00,0,0,5,411,0,0
208233166,NODE_B4BFE934ED80,root,1,00:00:00:00:00:00,0,0,5,413,0,0
209232650,NODE_B4BFE934ED80,root,1,00:00:00:00:00:00,0,0,5,415,0,0
210232878,NODE_B4BFE934ED80,root,1,00:00:00:00:00:00,0,0,5,417,0,0
211302650,NODE_B4BFE934ED80,root,1,00:00:00:00:00:00,0,0,5,419,0,0
212302654,NODE_B4BFE934ED80,root,1,00:00:00:00:00:00,0,0,5,421,0,0
213312654,NODE_B4BFE934ED80,root,1,00:00:00:00:00:00,0,0,5,423,0,0
214312654,NODE_B4BFE934ED80,root,1,00:00:00:00:00:00,0,0,5,425,0,0
215322658,NODE_B4BFE934ED80,root,1,00:00:00:00:00:00,0,0,5,427,0,0
216322654,NODE_B4BFE934ED80,root,1,00:00:00:00:00:00,0,0,5,429,0,0
217332654,NODE_B4BFE934ED80,root,1,00:00:00:00:00:00,0,0,5,431,0,0
218332646,NODE_B4BFE934ED80,root,1,00:00:00:00:00:00,0,0,5,433,0,0
219342654,NODE_B4BFE934ED80,root,1,00:00:00:00:00:00,0,0,5,435,0,0
220342650,NODE_B4BFE934ED80,root,1,00:00:00:00:00:00,0,0,5,437,0,0
221352654,NODE_B4BFE934ED80,root,1,00:00:00:00:00:00,0,0,5,439,0,0
222352646,NODE_B4BFE934ED80,root,1,00:00:00:00:00:00,0,0,5,441,0,0
223362654,NODE_B4BFE934ED80,root,1,00:00:00:00:00:00,0,0,5,443,0,0
224362658,NODE_B4BFE934ED80,root,1,00:00:00:00:00:00,0,0,5,445,0,0
225372654,NODE_B4BFE934ED80,root,1,00:00:00:00:00:00,0,0,5,447,0,0
226372654,NODE_B4BFE934ED80,root,1,00:00:00:00:00:00,0,0,5,449,0,0
227382654,NODE_B4BFE934ED80,root,1,00:00:00:00:00:00,0,0,5,451,0,0
228382654,NODE_B4BFE934ED80,root,1,00:00:00:00:00:00,0,0,5,453,0,0
229392650,NODE_B4BFE934ED80,root,1,00:00:00:00:00:00,0,0,5,455,0,0
230393241,NODE_B4BFE934ED80,root,1,00:00:00:00:00:00,0,0,5,457,0,0
231402646,NODE_B4BFE934ED80,root,1,00:00:00:00:00:00,0,0,5,459,0,0
232402650,NODE_B4BFE934ED80,root,1,00:00:00:00:00:00,0,0,5,461,0,0
233412658,NODE_B4BFE934ED80,root,1,00:00:00:00:00:00,0,0,5,463,0,0
234412654,NODE_B4BFE934ED80,root,1,00:00:00:00:00:00,0,0,5,465,0,0
235422654,NODE_B4BFE934ED80,root,1,00:00:00:00:00:00,0,0,5,467,0,0
236422654,NODE_B4BFE934ED80,root,1,00:00:00:00:00:00,0,0,5,469,0,0
237432654,NODE_B4BFE934ED80,root,1,00:00:00:00:00:00,0,0,5,471,0,0
238432654,NODE_B4BFE934ED80,root,1,00:00:00:00:00:00,0,0,5,473,0,0
239502658,NODE_B4BFE934ED80,root,1,00:00:00:00:00:00,0,0,5,475,0,0
240502646,NODE_B4BFE934ED80,root,1,00:00:00:00:00:00,0,0,5,477,0,0
241512654,NODE_B4BFE934ED80,root,1,00:00:00:00:00:00,0,0,5,479,0,0
242512646,NODE_B4BFE934ED80,root,1,00:00:00:00:00:00,0,0,5,481,0,0
243522658,NODE_B4BFE934ED80,root,1,00:00:00:00:00:00,0,0,5,483,0,0
244522654,NODE_B4BFE934ED80,root,1,00:00:00:00:00:00,0,0,5,485,0,0
245532654,NODE_B4BFE934ED80,root,1,00:00:00:00:00:00,0,0,5,487,0,0
246532654,NODE_B4BFE934ED80,root,1,00:00:00:00:00:00,0,0,5,489,0,0
247542654,NODE_B4BFE934ED80,root,1,00:00:00:00:00:00,0,0,5,491,0,0
248542658,NODE_B4BFE934ED80,root,1,00:00:00:00:00:00,0,0,5,493,0,0
249552654,NODE_B4BFE934ED80,root,1,00:00:00:00:00:00,0,0,5,495,0,0
250552654,NODE_B4BFE934ED80,root,1,00:00:00:00:00:00,0,0,5,497,0,0
251562650,NODE_B4BFE934ED80,root,1,00:00:00:00:00:00,0,0,5,499,0,0
252562654,NODE_B4BFE934ED80,root,1,00:00:00:00:00:00,0,0,5,501,0,0
253632650,NODE_B4BFE934ED80,root,1,00:00:00:00:00:00,0,0,5,503,0,0
254632654,NODE_B4BFE934ED80,root,1,00:00:00:00:00:00,0,0,5,505,0,0
255642654,NODE_B4BFE934ED80,root,1,00:00:00:00:00:00,0,0,5,507,0,0
256642654,NODE_B4BFE934ED80,root,1,00:00:00:00:00:00,0,0,5,509,0,0
257652658,NODE_B4BFE934ED80,root,1,00:00:00:00:00:00,0,0,5,511,0,0
258652654,NODE_B4BFE934ED80,root,1,00:00:00:00:00:00,0,0,5,513,0,0
259662654,NODE_B4BFE934ED80,root,1,00:00:00:00:00:00,0,0,5,515,0,0
260662650,NODE_B4BFE934ED80,root,1,00:00:00:00:00:00,0,0,5,517,0,0
261672654,NODE_B4BFE934ED80,root,1,00:00:00:00:00:00,0,0,5,519,0,0
262672650,NODE_B4BFE934ED80,root,1,00:00:00:00:00:00,0,0,5,521,0,0
263682658,NODE_B4BFE934ED80,root,1,00:00:00:00:00:00,0,0,5,523,0,0
264682646,NODE_B4BFE934ED80,root,1,00:00:00:00:00:00,0,0,5,525,0,0
265692654,NODE_B4BFE934ED80,root,1,00:00:00:00:00:00,0,0,5,527,0,0
266692658,NODE_B4BFE934ED80,root,1,00:00:00:00:00:00,0,0,5,529,0,0
267702654,NODE_B4BFE934ED80,root,1,00:00:00:00:00:00,0,0,5,531,0,0
268702654,NODE_B4BFE934ED80,root,1,00:00:00:00:00:00,0,0,5,533,0,0
269712654,NODE_B4BFE934ED80,root,1,00:00:00:00:00:00,0,0,5,535,0,0
270712654,NODE_B4BFE934ED80,root,1,00:00:00:00:00:00,0,0,5,537,0,0
271722646,NODE_B4BFE934ED80,root,1,00:00:00:00:00:00,0,0,5,539,0,0
272722658,NODE_B4BFE934ED80,root,1,00:00:00:00:00:00,0,0,5,541,0,0
273732642,NODE_B4BFE934ED80,root,1,00:00:00:00:00:00,0,0,5,543,0,0
274732654,NODE_B4BFE934ED80,root,1,00:00:00:00:00:00,0,0,5,545,0,0
275742646,NODE_B4BFE934ED80,root,1,00:00:00:00:00:00,0,0,5,547,0,0
276742658,NODE_B4BFE934ED80,root,1,00:00:00:00:00:00,0,0,5,549,0,0
277752654,NODE_B4BFE934ED80,root,1,00:00:00:00:00:00,0,0,5,551,0,0
278752654,NODE_B4BFE934ED80,root,1,00:00:00:00:00:00,0,0,5,553,0,0
279762654,NODE_B4BFE934ED80,root,1,00:00:00:00:00:00,0,0,5,555,0,0
280762654,NODE_B4BFE934ED80,root,1,00:00:00:00:00:00,0,0,5,557,0,0
281772658,NODE_B4BFE934ED80,root,1,00:00:00:00:00:00,0,0,5,559,0,0
282772646,NODE_B4BFE934ED80,root,1,00:00:00:00:00:00,0,0,5,561,0,0
283782654,NODE_B4BFE934ED80,root,1,00:00:00:00:00:00,0,0,5,563,0,0
284782650,NODE_B4BFE934ED80,root,1,00:00:00:00:00:00,0,0,5,565,0,0
285792658,NODE_B4BFE934ED80,root,1,00:00:00:00:00:00,0,0,5,567,0,0
286792646,NODE_B4BFE934ED80,root,1,00:00:00:00:00:00,0,0,5,569,0,0
287802654,NODE_B4BFE934ED80,root,1,00:00:00:00:00:00,0,0,5,571,0,0
288802654,NODE_B4BFE934ED80,root,1,00:00:00:00:00:00,0,0,5,573,0,0
289812654,NODE_B4BFE934ED80,root,1,00:00:00:00:00:00,0,0,5,575,0,0
290812658,NODE_B4BFE934ED80,root,1,00:00:00:00:00:00,0,0,5,577,0,0
291822654,NODE_B4BFE934ED80,root,1,00:00:00:00:00:00,0,0,5,579,0,0
292822654,NODE_B4BFE934ED80,root,1,00:00:00:00:00:00,0,0,5,581,0,0
293832650,NODE_B4BFE934ED80,root,1,00:00:00:00:00:00,0,0,5,583,0,0
294832658,NODE_B4BFE934ED80,root,1,00:00:00:00:00:00,0,0,5,585,0,0
295842646,NODE_B4BFE934ED80,root,1,00:00:00:00:00:00,0,0,5,587,0,0
296842654,NODE_B4BFE934ED80,root,1,00:00:00:00:00:00,0,0,5,589,0,0
297852653,NODE_B4BFE934ED80,root,1,00:00:00:00:00:00,0,0,5,591,0,0
298852654,NODE_B4BFE934ED80,root,1,00:00:00:00:00:00,0,0,5,593,0,0
299862870,NODE_B4BFE934ED80,root,1,00:00:00:00:00:00,0,0,5,595,0,0
300862650,NODE_B4BFE934ED80,root,1,00:00:00:00:00:00,0,0,5,597,0,0
301872654,NODE_B4BFE934ED80,root,1,00:00:00:00:00:00,0,0,5,599,0,0
302872654,NODE_B4BFE934ED80,root,1,00:00:00:00:00:00,0,0,5,601,0,0
303882658,NODE_B4BFE934ED80,root,1,00:00:00:00:00:00,0,0,5,603,0,0
304882646,NODE_B4BFE934ED80,root,1,00:00:00:00:00:00,0,0,5,605,0,0
305892654,NODE_B4BFE934ED80,root,1,00:00:00:00:00:00,0,0,5,607,0,0
306892650,NODE_B4BFE934ED80,root,1,00:00:00:00:00:00,0,0,5,609,0,0
307902654,NODE_B4BFE934ED80,root,1,00:00:00:00:00:00,0,0,5,611,0,0
308902658,NODE_B4BFE934ED80,root,1,00:00:00:00:00:00,0,0,5,613,0,0
309912654,NODE_B4BFE934ED80,root,1,00:00:00:00:00:00,0,0,5,615,0,0
310912654,NODE_B4BFE934ED80,root,1,00:00:00:00:00:00,0,0,5,617,0,0
311922654,NODE_B4BFE934ED80,root,1,00:00:00:00:00:00,0,0,5,619,0,0
312922654,NODE_B4BFE934ED80,root,1,00:00:00:00:00:00,0,0,5,621,0,0
314002658,NODE_B4BFE934ED80,root,1,00:00:00:00:00:00,0,0,5,623,0,0
315002654,NODE_B4BFE934ED80,root,1,00:00:00:00:00:00,0,0,5,625,0,0
316012650,NODE_B4BFE934ED80,root,1,00:00:00:00:00:00,0,0,5,627,0,0
317012654,NODE_B4BFE934ED80,root,1,00:00:00:00:00:00,0,0,5,629,0,0
318022646,NODE_B4BFE934ED80,root,1,00:00:00:00:00:00,0,0,5,631,0,0
319022658,NODE_B4BFE934ED80,root,1,00:00:00:00:00:00,0,0,5,633,0,0
320032654,NODE_B4BFE934ED80,root,1,00:00:00:00:00:00,0,0,5,635,0,0
321032654,NODE_B4BFE934ED80,root,1,00:00:00:00:00:00,0,0,5,637,0,0
322042654,NODE_B4BFE934ED80,root,1,00:00:00:00:00:00,0,0,5,639,0,0
323042658,NODE_B4BFE934ED80,root,1,00:00:00:00:00:00,0,0,5,641,0,0
324053082,NODE_B4BFE934ED80,root,1,00:00:00:00:00:00,0,0,5,643,0,0
325053070,NODE_B4BFE934ED80,root,1,00:00:00:00:00:00,0,0,5,645,0,0
326062654,NODE_B4BFE934ED80,root,1,00:00:00:00:00:00,0,0,5,647,0,0
327062650,NODE_B4BFE934ED80,root,1,00:00:00:00:00:00,0,0,5,649,0,0
328072658,NODE_B4BFE934ED80,root,1,00:00:00:00:00:00,0,0,5,651,0,0
329072650,NODE_B4BFE934ED80,root,1,00:00:00:00:00:00,0,0,5,653,0,0
330082654,NODE_B4BFE934ED80,root,1,00:00:00:00:00:00,0,0,5,655,0,0
331082650,NODE_B4BFE934ED80,root,1,00:00:00:00:00:00,0,0,5,657,0,0
332092654,NODE_B4BFE934ED80,root,1,00:00:00:00:00:00,0,0,5,659,0,0
333092658,NODE_B4BFE934ED80,root,1,00:00:00:00:00:00,0,0,5,661,0,0
334102654,NODE_B4BFE934ED80,root,1,00:00:00:00:00:00,0,0,5,663,0,0
335102654,NODE_B4BFE934ED80,root,1,00:00:00:00:00:00,0,0,5,665,0,0
336112650,NODE_B4BFE934ED80,root,1,00:00:00:00:00:00,0,0,5,667,0,0
337112658,NODE_B4BFE934ED80,root,1,00:00:00:00:00:00,0,0,5,669,0,0
338122650,NODE_B4BFE934ED80,root,1,00:00:00:00:00:00,0,0,5,671,0,0
339122654,NODE_B4BFE934ED80,root,1,00:00:00:00:00:00,0,0,5,673,0,0
340132650,NODE_B4BFE934ED80,root,1,00:00:00:00:00:00,0,0,5,675,0,0
341132654,NODE_B4BFE934ED80,root,1,00:00:00:00:00:00,0,0,5,677,0,0
342142658,NODE_B4BFE934ED80,root,1,00:00:00:00:00:00,0,0,5,679,0,0
343142654,NODE_B4BFE934ED80,root,1,00:00:00:00:00:00,0,0,5,681,0,0
344152654,NODE_B4BFE934ED80,root,1,00:00:00:00:00:00,0,0,5,683,0,0
345152654,NODE_B4BFE934ED80,root,1,00:00:00:00:00:00,0,0,5,685,0,0
346162658,NODE_B4BFE934ED80,root,1,00:00:00:00:00:00,0,0,5,687,0,0
347162650,NODE_B4BFE934ED80,root,1,00:00:00:00:00:00,0,0,5,689,0,0
348172654,NODE_B4BFE934ED80,root,1,00:00:00:00:00:00,0,0,5,691,0,0
349172650,NODE_B4BFE934ED80,root,1,00:00:00:00:00:00,0,0,5,693,0,0
350182654,NODE_B4BFE934ED80,root,1,00:00:00:00:00:00,0,0,5,695,0,0
351182650,NODE_B4BFE934ED80,root,1,00:00:00:00:00:00,0,0,5,697,0,0
352252657,NODE_B4BFE934ED80,root,1,00:00:00:00:00:00,0,0,5,700,0,0
353252646,NODE_B4BFE934ED80,root,1,00:00:00:00:00:00,0,0,5,702,0,0
354262654,NODE_B4BFE934ED80,root,1,00:00:00:00:00:00,0,0,5,704,0,0
355262646,NODE_B4BFE934ED80,root,1,00:00:00:00:00:00,0,0,5,706,0,0
356342658,NODE_B4BFE934ED80,root,1,00:00:00:00:00:00,0,0,5,709,0,0
357342646,NODE_B4BFE934ED80,root,1,00:00:00:00:00:00,0,0,5,711,0,0
358352654,NODE_B4BFE934ED80,root,1,00:00:00:00:00:00,0,0,5,713,0,0
359352646,NODE_B4BFE934ED80,root,1,00:00:00:00:00:00,0,0,5,715,0,0
360362658,NODE_B4BFE934ED80,root,1,00:00:00:00:00:00,0,0,5,717,0,0
361362654,NODE_B4BFE934ED80,root,1,00:00:00:00:00:00,0,0,5,719,0,0
362372646,NODE_B4BFE934ED80,root,1,00:00:00:00:00:00,0,0,5,721,2,2
363372654,NODE_B4BFE934ED80,root,1,00:00:00:00:00:00,0,0,10,723,2,2
364382658,NODE_B4BFE934ED80,root,1,00:00:00:00:00:00,0,0,10,725,2,2
365382650,NODE_B4BFE934ED80,root,1,00:00:00:00:00:00,0,0,10,727,2,2
366392646,NODE_B4BFE934ED80,root,1,00:00:00:00:00:00,0,0,10,729,2,2
367392654,NODE_B4BFE934ED80,root,1,00:00:00:00:00:00,0,0,10,731,2,2
368402646,NODE_B4BFE934ED80,root,1,00:00:00:00:00:00,0,0,10,733,2,2
369402658,NODE_B4BFE934ED80,root,1,00:00:00:00:00:00,0,0,10,735,2,2
370402654,NODE_B4BFE934ED80,root,1,00:00:00:00:00:00,0,0,10,737,2,2
371402654,NODE_B4BFE934ED80,root,1,00:00:00:00:00:00,0,0,10,739,2,2
372412654,NODE_B4BFE934ED80,root,1,00:00:00:00:00:00,0,0,10,741,2,2
373412654,NODE_B4BFE934ED80,root,1,00:00:00:00:00:00,0,0,10,743,2,2
374422658,NODE_B4BFE934ED80,root,1,00:00:00:00:00:00,0,0,10,745,2,2
375422646,NODE_B4BFE934ED80,root,1,00:00:00:00:00:00,0,0,10,747,2,2
376432654,NODE_B4BFE934ED80,root,1,00:00:00:00:00:00,0,0,10,749,2,2
377432646,NODE_B4BFE934ED80,root,1,00:00:00:00:00:00,0,0,10,751,2,2
378442658,NODE_B4BFE934ED80,root,1,00:00:00:00:00:00,0,0,10,753,2,2
379442654,NODE_B4BFE934ED80,root,1,00:00:00:00:00:00,0,0,10,755,2,2
380452654,NODE_B4BFE934ED80,root,1,00:00:00:00:00:00,0,0,10,757,2,2
381452654,NODE_B4BFE934ED80,root,1,00:00:00:00:00:00,0,0,10,759,2,2
382462646,NODE_B4BFE934ED80,root,1,00:00:00:00:00:00,0,0,10,761,2,2
383462658,NODE_B4BFE934ED80,root,1,00:00:00:00:00:00,0,0,10,763,2,2
384472646,NODE_B4BFE934ED80,root,1,00:00:00:00:00:00,0,0,10,765,2,2
385472654,NODE_B4BFE934ED80,root,1,00:00:00:00:00:00,0,0,10,767,2,2
386482654,NODE_B4BFE934ED80,root,1,00:00:00:00:00:00,0,0,10,769,2,2
387482654,NODE_B4BFE934ED80,root,1,00:00:00:00:00:00,0,0,10,771,2,2
388562658,NODE_B4BFE934ED80,root,1,00:00:00:00:00:00,0,0,10,773,2,2
389562654,NODE_B4BFE934ED80,root,1,00:00:00:00:00:00,0,0,10,775,2,2
390572654,NODE_B4BFE934ED80,root,1,00:00:00:00:00:00,0,0,10,777,2,2
391572646,NODE_B4BFE934ED80,root,1,00:00:00:00:00:00,0,0,10,779,2,2
392582654,NODE_B4BFE934ED80,root,1,00:00:00:00:00:00,0,0,10,781,2,2
393582650,NODE_B4BFE934ED80,root,1,00:00:00:00:00:00,0,0,10,783,2,2
394592654,NODE_B4BFE934ED80,root,1,00:00:00:00:00:00,0,0,10,785,2,2
395592654,NODE_B4BFE934ED80,root,1,00:00:00:00:00:00,0,0,10,787,2,2
396602654,NODE_B4BFE934ED80,root,1,00:00:00:00:00:00,0,0,10,789,2,2
397602658,NODE_B4BFE934ED80,root,1,00:00:00:00:00:00,0,0,10,791,2,2
398612650,NODE_B4BFE934ED80,root,1,00:00:00:00:00:00,0,0,10,793,2,2
399612654,NODE_B4BFE934ED80,root,1,00:00:00:00:00:00,0,0,10,795,2,2
400622646,NODE_B4BFE934ED80,root,1,00:00:00:00:00:00,0,0,10,797,2,2
401622658,NODE_B4BFE934ED80,root,1,00:00:00:00:00:00,0,0,10,799,2,2
402632650,NODE_B4BFE934ED80,root,1,00:00:00:00:00:00,0,0,10,801,2,2
403632654,NODE_B4BFE934ED80,root,1,00:00:00:00:00:00,0,0,10,803,2,2
404642654,NODE_B4BFE934ED80,root,1,00:00:00:00:00:00,0,0,10,805,2,2
405642650,NODE_B4BFE934ED80,root,1,00:00:00:00:00:00,0,0,10,807,2,2
406722658,NODE_B4BFE934ED80,root,1,00:00:00:00:00:00,0,0,10,809,2,2
407722650,NODE_B4BFE934ED80,root,1,00:00:00:00:00:00,0,0,10,811,2,2
408732654,NODE_B4BFE934ED80,root,1,00:00:00:00:00:00,0,0,10,813,2,2
409732646,NODE_B4BFE934ED80,root,1,00:00:00:00:00:00,0,0,10,815,2,2
410742650,NODE_B4BFE934ED80,root,1,00:00:00:00:00:00,0,0,10,817,2,2
411742658,NODE_B4BFE934ED80,root,1,00:00:00:00:00:00,0,0,10,819,2,2
412752654,NODE_B4BFE934ED80,root,1,00:00:00:00:00:00,0,0,10,821,2,2
413752654,NODE_B4BFE934ED80,root,1,00:00:00:00:00:00,0,0,10,823,2,2
414762646,NODE_B4BFE934ED80,root,1,00:00:00:00:00:00,0,0,10,825,2,2
415762658,NODE_B4BFE934ED80,root,1,00:00:00:00:00:00,0,0,10,827,2,2
416772650,NODE_B4BFE934ED80,root,1,00:00:00:00:00:00,0,0,10,829,2,2
417772654,NODE_B4BFE934ED80,root,1,00:00:00:00:00:00,0,0,10,831,2,2
418782654,NODE_B4BFE934ED80,root,1,00:00:00:00:00:00,0,0,10,833,2,2
419782654,NODE_B4BFE934ED80,root,1,00:00:00:00:00:00,0,0,10,835,2,2
420792658,NODE_B4BFE934ED80,root,1,00:00:00:00:00:00,0,0,10,837,2,2
421792654,NODE_B4BFE934ED80,root,1,00:00:00:00:00:00,0,0,10,839,2,2
422802654,NODE_B4BFE934ED80,root,1,00:00:00:00:00:00,0,0,10,841,2,2
423802646,NODE_B4BFE934ED80,root,1,00:00:00:00:00:00,0,0,10,843,2,2
424812658,NODE_B4BFE934ED80,root,1,00:00:00:00:00:00,0,0,10,845,2,2
425812642,NODE_B4BFE934ED80,root,1,00:00:00:00:00:00,0,0,10,847,2,2
426822654,NODE_B4BFE934ED80,root,1,00:00:00:00:00:00,0,0,10,849,2,2
427822654,NODE_B4BFE934ED80,root,1,00:00:00:00:00:00,0,0,10,851,2,2
428832654,NODE_B4BFE934ED80,root,1,00:00:00:00:00:00,0,0,10,853,2,2
429832658,NODE_B4BFE934ED80,root,1,00:00:00:00:00:00,0,0,10,855,2,2
430842646,NODE_B4BFE934ED80,root,1,00:00:00:00:00:00,0,0,10,857,2,2
431842658,NODE_B4BFE934ED80,root,1,00:00:00:00:00:00,0,0,10,859,2,2
432852646,NODE_B4BFE934ED80,root,1,00:00:00:00:00:00,0,0,10,861,2,2
433852654,NODE_B4BFE934ED80,root,1,00:00:00:00:00:00,0,0,10,863,2,2
434862650,NODE_B4BFE934ED80,root,1,00:00:00:00:00:00,0,0,10,865,2,2
435862654,NODE_B4BFE934ED80,root,1,00:00:00:00:00:00,0,0,10,867,2,2
436962658,NODE_B4BFE934ED80,root,1,00:00:00:00:00:00,0,0,10,869,2,2
437962654,NODE_B4BFE934ED80,root,1,00:00:00:00:00:00,0,0,10,871,2,2
438972658,NODE_B4BFE934ED80,root,1,00:00:00:00:00:00,0,0,10,873,2,2
439972646,NODE_B4BFE934ED80,root,1,00:00:00:00:00:00,0,0,10,875,2,2
440982654,NODE_B4BFE934ED80,root,1,00:00:00:00:00:00,0,0,10,877,2,2
441982650,NODE_B4BFE934ED80,root,1,00:00:00:00:00:00,0,0,10,879,2,2
442992654,NODE_B4BFE934ED80,root,1,00:00:00:00:00:00,0,0,10,881,2,2
443992658,NODE_B4BFE934ED80,root,1,00:00:00:00:00:00,0,0,10,883,2,2
445002654,NODE_B4BFE934ED80,root,1,00:00:00:00:00:00,0,0,10,885,2,2
446002654,NODE_B4BFE934ED80,root,1,00:00:00:00:00:00,0,0,10,887,2,2
447102654,NODE_B4BFE934ED80,root,1,00:00:00:00:00:00,0,0,10,889,2,2
448102654,NODE_B4BFE934ED80,root,1,00:00:00:00:00:00,0,0,10,891,2,2
449112650,NODE_B4BFE934ED80,root,1,00:00:00:00:00:00,0,0,10,893,2,2
450112658,NODE_B4BFE934ED80,root,1,00:00:00:00:00:00,0,0,10,895,2,2
451122654,NODE_B4BFE934ED80,root,1,00:00:00:00:00:00,0,0,10,897,2,2
452122654,NODE_B4BFE934ED80,root,1,00:00:00:00:00:00,0,0,10,899,2,2
453132654,NODE_B4BFE934ED80,root,1,00:00:00:00:00:00,0,0,10,901,2,2
454132658,NODE_B4BFE934ED80,root,1,00:00:00:00:00:00,0,0,10,903,2,2
455142654,NODE_B4BFE934ED80,root,1,00:00:00:00:00:00,0,0,10,905,2,2
456142654,NODE_B4BFE934ED80,root,1,00:00:00:00:00:00,0,0,10,907,2,2
457152654,NODE_B4BFE934ED80,root,1,00:00:00:00:00:00,0,0,10,909,2,2
458152650,NODE_B4BFE934ED80,root,1,00:00:00:00:00:00,0,0,10,911,2,2
459162658,NODE_B4BFE934ED80,root,1,00:00:00:00:00:00,0,0,10,913,2,2
460162650,NODE_B4BFE934ED80,root,1,00:00:00:00:00:00,0,0,10,915,2,2
461172658,NODE_B4BFE934ED80,root,1,00:00:00:00:00:00,0,0,10,917,2,2
462172654,NODE_B4BFE934ED80,root,1,00:00:00:00:00:00,0,0,10,919,2,2
463182650,NODE_B4BFE934ED80,root,1,00:00:00:00:00:00,0,0,10,921,2,2
464182658,NODE_B4BFE934ED80,root,1,00:00:00:00:00:00,0,0,10,923,2,2
465192650,NODE_B4BFE934ED80,root,1,00:00:00:00:00:00,0,0,10,925,2,2
466192654,NODE_B4BFE934ED80,root,1,00:00:00:00:00:00,0,0,10,927,2,2
467302650,NODE_B4BFE934ED80,root,1,00:00:00:00:00:00,0,0,10,930,2,2
468302654,NODE_B4BFE934ED80,root,1,00:00:00:00:00:00,0,0,10,932,2,2
469392646,NODE_B4BFE934ED80,root,1,00:00:00:00:00:00,0,0,10,934,2,2
470392654,NODE_B4BFE934ED80,root,1,00:00:00:00:00:00,0,0,10,936,2,2
471402658,NODE_B4BFE934ED80,root,1,00:00:00:00:00:00,0,0,10,938,2,2
472402654,NODE_B4BFE934ED80,root,1,00:00:00:00:00:00,0,0,10,940,2,2
473412658,NODE_B4BFE934ED80,root,1,00:00:00:00:00:00,0,0,10,942,2,2
474412654,NODE_B4BFE934ED80,root,1,00:00:00:00:00:00,0,0,10,944,2,2
475422658,NODE_B4BFE934ED80,root,1,00:00:00:00:00:00,0,0,10,946,2,2
476422646,NODE_B4BFE934ED80,root,1,00:00:00:00:00:00,0,0,10,948,2,2
477432654,NODE_B4BFE934ED80,root,1,00:00:00:00:00:00,0,0,10,950,2,2
478432658,NODE_B4BFE934ED80,root,1,00:00:00:00:00:00,0,0,10,952,2,2
479442654,NODE_B4BFE934ED80,root,1,00:00:00:00:00:00,0,0,10,954,2,2
480442654,NODE_B4BFE934ED80,root,1,00:00:00:00:00:00,0,0,10,956,2,2
481552658,NODE_B4BFE934ED80,root,1,00:00:00:00:00:00,0,0,10,958,2,2
482552654,NODE_B4BFE934ED80,root,1,00:00:00:00:00:00,0,0,10,960,2,2
483562646,NODE_B4BFE934ED80,root,1,00:00:00:00:00:00,0,0,10,962,2,2
484562658,NODE_B4BFE934ED80,root,1,00:00:00:00:00:00,0,0,10,964,2,2
485572650,NODE_B4BFE934ED80,root,1,00:00:00:00:00:00,0,0,10,966,2,2
486572654,NODE_B4BFE934ED80,root,1,00:00:00:00:00:00,0,0,10,968,2,2
487582654,NODE_B4BFE934ED80,root,1,00:00:00:00:00:00,0,0,10,970,2,2
488582654,NODE_B4BFE934ED80,root,1,00:00:00:00:00:00,0,0,10,972,2,2
489692650,NODE_B4BFE934ED80,root,1,00:00:00:00:00:00,0,0,10,975,2,2
490692654,NODE_B4BFE934ED80,root,1,00:00:00:00:00:00,0,0,10,977,2,2
491772654,NODE_B4BFE934ED80,root,1,00:00:00:00:00:00,0,0,10,979,2,2
492772654,NODE_B4BFE934ED80,root,1,00:00:00:00:00:00,0,0,10,981,2,2
493782658,NODE_B4BFE934ED80,root,1,00:00:00:00:00:00,0,0,10,983,2,2
494782646,NODE_B4BFE934ED80,root,1,00:00:00:00:00:00,0,0,10,985,2,2
495792658,NODE_B4BFE934ED80,root,1,00:00:00:00:00:00,0,0,10,987,2,2
496792646,NODE_B4BFE934ED80,root,1,00:00:00:00:00:00,0,0,10,989,2,2
497802654,NODE_B4BFE934ED80,root,1,00:00:00:00:00:00,0,0,10,991,2,2
498802658,NODE_B4BFE934ED80,root,1,00:00:00:00:00:00,0,0,10,993,2,2
499812654,NODE_B4BFE934ED80,root,1,00:00:00:00:00:00,0,0,10,995,2,2
500812654,NODE_B4BFE934ED80,root,1,00:00:00:00:00:00,0,0,10,997,2,2
501822763,NODE_B4BFE934ED80,root,1,00:00:00:00:00:00,0,0,10,999,2,2
502822658,NODE_B4BFE934ED80,root,1,00:00:00:00:00:00,0,0,10,1001,2,2
503832650,NODE_B4BFE934ED80,root,1,00:00:00:00:00:00,0,0,10,1003,2,2
504832654,NODE_B4BFE934ED80,root,1,00:00:00:00:00:00,0,0,10,1005,2,2
505842654,NODE_B4BFE934ED80,root,1,00:00:00:00:00:00,0,0,10,1007,2,2
506842654,NODE_B4BFE934ED80,root,1,00:00:00:00:00:00,0,0,10,1009,2,2
507852658,NODE_B4BFE934ED80,root,1,00:00:00:00:00:00,0,0,10,1011,2,2
508852642,NODE_B4BFE934ED80,root,1,00:00:00:00:00:00,0,0,10,1013,2,2
509862658,NODE_B4BFE934ED80,root,1,00:00:00:00:00:00,0,0,10,1015,2,2
510862646,NODE_B4BFE934ED80,root,1,00:00:00:00:00:00,0,0,10,1017,2,2
511872658,NODE_B4BFE934ED80,root,1,00:00:00:00:00:00,0,0,10,1019,2,2
512872654,NODE_B4BFE934ED80,root,1,00:00:00:00:00:00,0,0,10,1021,2,2
513882654,NODE_B4BFE934ED80,root,1,00:00:00:00:00:00,0,0,10,1023,2,2
514882658,NODE_B4BFE934ED80,root,1,00:00:00:00:00:00,0,0,10,1025,2,2
515892646,NODE_B4BFE934ED80,root,1,00:00:00:00:00:00,0,0,10,1027,2,2
516892658,NODE_B4BFE934ED80,root,1,00:00:00:00:00:00,0,0,10,1029,2,2
517902646,NODE_B4BFE934ED80,root,1,00:00:00:00:00:00,0,0,10,1031,2,2
518902654,NODE_B4BFE934ED80,root,1,00:00:00:00:00:00,0,0,10,1033,2,2
519982658,NODE_B4BFE934ED80,root,1,00:00:00:00:00:00,0,0,10,1035,2,2
520982654,NODE_B4BFE934ED80,root,1,00:00:00:00:00:00,0,0,10,1037,2,2
521992658,NODE_B4BFE934ED80,root,1,00:00:00:00:00:00,0,0,10,1039,2,2
522992646,NODE_B4BFE934ED80,root,1,00:00:00:00:00:00,0,0,10,1041,2,2
524002658,NODE_B4BFE934ED80,root,1,00:00:00:00:00:00,0,0,10,1043,2,2
525002654,NODE_B4BFE934ED80,root,1,00:00:00:00:00:00,0,0,10,1045,2,2
526012658,NODE_B4BFE934ED80,root,1,00:00:00:00:00:00,0,0,10,1047,2,2
527012654,NODE_B4BFE934ED80,root,1,00:00:00:00:00:00,0,0,10,1049,2,2
528102658,NODE_B4BFE934ED80,root,1,00:00:00:00:00:00,0,0,10,1051,2,2
529102654,NODE_B4BFE934ED80,root,1,00:00:00:00:00:00,0,0,10,1053,2,2
530112650,NODE_B4BFE934ED80,root,1,00:00:00:00:00:00,0,0,10,1055,2,2
531112654,NODE_B4BFE934ED80,root,1,00:00:00:00:00:00,0,0,10,1057,2,2
532122658,NODE_B4BFE934ED80,root,1,00:00:00:00:00:00,0,0,10,1059,2,2
533122654,NODE_B4BFE934ED80,root,1,00:00:00:00:00:00,0,0,10,1061,2,2
534132658,NODE_B4BFE934ED80,root,1,00:00:00:00:00:00,0,0,10,1063,2,2
535132654,NODE_B4BFE934ED80,root,1,00:00:00:00:00:00,0,0,10,1065,2,2
536242657,NODE_B4BFE934ED80,root,1,00:00:00:00:00:00,0,0,10,1068,2,2
537242654,NODE_B4BFE934ED80,root,1,00:00:00:00:00:00,0,0,10,1070,2,2
538332654,NODE_B4BFE934ED80,root,1,00:00:00:00:00:00,0,0,10,1072,2,2
539332650,NODE_B4BFE934ED80,root,1,00:00:00:00:00:00,0,0,10,1074,2,2
540412654,NODE_B4BFE934ED80,root,1,00:00:00:00:00:00,0,0,10,1076,2,2
541412658,NODE_B4BFE934ED80,root,1,00:00:00:00:00:00,0,0,10,1078,2,2
542422654,NODE_B4BFE934ED80,root,1,00:00:00:00:00:00,0,0,10,1080,2,2
543422658,NODE_B4BFE934ED80,root,1,00:00:00:00:00:00,0,0,15,1082,3,0
544432646,NODE_B4BFE934ED80,root,1,00:00:00:00:00:00,0,0,15,1084,3,0
545432654,NODE_B4BFE934ED80,root,1,00:00:00:00:00:00,0,0,15,1086,3,0
546442646,NODE_B4BFE934ED80,root,1,00:00:00:00:00:00,0,0,15,1088,3,0
547442658,NODE_B4BFE934ED80,root,1,00:00:00:00:00:00,0,0,15,1090,3,0
548452654,NODE_B4BFE934ED80,root,1,00:00:00:00:00:00,0,0,15,1092,3,0
549452654,NODE_B4BFE934ED80,root,1,00:00:00:00:00:00,0,0,15,1094,3,0
550562654,NODE_B4BFE934ED80,root,1,00:00:00:00:00:00,0,0,15,1096,3,0
551562654,NODE_B4BFE934ED80,root,1,00:00:00:00:00:00,0,0,15,1098,3,0
552572654,NODE_B4BFE934ED80,root,1,00:00:00:00:00:00,0,0,15,1100,3,0
553572658,NODE_B4BFE934ED80,root,1,00:00:00:00:00:00,0,0,15,1102,3,0
554582654,NODE_B4BFE934ED80,root,1,00:00:00:00:00:00,0,0,15,1104,3,0
555582658,NODE_B4BFE934ED80,root,1,00:00:00:00:00:00,0,0,15,1106,3,0
556592654,NODE_B4BFE934ED80,root,1,00:00:00:00:00:00,0,0,15,1108,3,0
557592658,NODE_B4BFE934ED80,root,1,00:00:00:00:00:00,0,0,15,1110,3,0
558602646,NODE_B4BFE934ED80,root,1,00:00:00:00:00:00,0,0,15,1112,3,0
559602654,NODE_B4BFE934ED80,root,1,00:00:00:00:00:00,0,0,15,1114,3,0
560682654,NODE_B4BFE934ED80,root,1,00:00:00:00:00:00,0,0,15,1116,3,0
561682658,NODE_B4BFE934ED80,root,1,00:00:00:00:00:00,0,0,15,1118,3,0
562692654,NODE_B4BFE934ED80,root,1,00:00:00:00:00:00,0,0,15,1120,3,0
563692654,NODE_B4BFE934ED80,root,1,00:00:00:00:00:00,0,0,15,1122,3,0
564702654,NODE_B4BFE934ED80,root,1,00:00:00:00:00:00,0,0,15,1124,3,0
565702650,NODE_B4BFE934ED80,root,1,00:00:00:00:00:00,0,0,15,1126,3,0
566712654,NODE_B4BFE934ED80,root,1,00:00:00:00:00:00,0,0,15,1128,3,0
567712658,NODE_B4BFE934ED80,root,1,00:00:00:00:00:00,0,0,15,1130,3,0
568722654,NODE_B4BFE934ED80,root,1,00:00:00:00:00:00,0,0,15,1132,3,0
569722654,NODE_B4BFE934ED80,root,1,00:00:00:00:00:00,0,0,15,1134,3,0
570802646,NODE_B4BFE934ED80,root,1,00:00:00:00:00:00,0,0,15,1136,3,0
571802654,NODE_B4BFE934ED80,root,1,00:00:00:00:00:00,0,0,15,1138,3,0
572812654,NODE_B4BFE934ED80,root,1,00:00:00:00:00:00,0,0,15,1140,3,0
573812658,NODE_B4BFE934ED80,root,1,00:00:00:00:00:00,0,0,15,1142,3,0
574822654,NODE_B4BFE934ED80,root,1,00:00:00:00:00:00,0,0,15,1144,3,0
575822654,NODE_B4BFE934ED80,root,1,00:00:00:00:00:00,0,0,15,1146,3,0
576832654,NODE_B4BFE934ED80,root,1,00:00:00:00:00:00,0,0,15,1148,3,0
577832650,NODE_B4BFE934ED80,root,1,00:00:00:00:00:00,0,0,15,1150,3,0
578922654,NODE_B4BFE934ED80,root,1,00:00:00:00:00:00,0,0,15,1152,3,0
579923464,NODE_B4BFE934ED80,root,1,00:00:00:00:00:00,0,0,15,1155,3,0
580933150,NODE_B4BFE934ED80,root,1,00:00:00:00:00:00,0,0,15,1157,3,0
581932650,NODE_B4BFE934ED80,root,1,00:00:00:00:00:00,0,0,15,1159,3,0
582942654,NODE_B4BFE934ED80,root,1,00:00:00:00:00:00,0,0,15,1161,3,0
583943056,NODE_B4BFE934ED80,root,1,00:00:00:00:00:00,0,0,15,1163,3,0
584943556,NODE_B4BFE934ED80,root,1,00:00:00:00:00:00,0,0,15,1165,3,0
585943143,NODE_B4BFE934ED80,root,1,00:00:00:00:00:00,0,0,15,1167,3,0
586952683,NODE_B4BFE934ED80,root,1,00:00:00:00:00:00,0,0,15,1169,3,0
587952878,NODE_B4BFE934ED80,root,1,00:00:00:00:00:00,0,0,15,1171,3,0
588952654,NODE_B4BFE934ED80,root,1,00:00:00:00:00:00,0,0,15,1172,3,0
589953144,NODE_B4BFE934ED80,root,1,00:00:00:00:00:00,0,0,15,1175,3,0
590952646,NODE_B4BFE934ED80,root,1,00:00:00:00:00:00,0,0,15,1177,3,0
591952847,NODE_B4BFE934ED80,root,1,00:00:00:00:00:00,0,0,15,1179,3,0
593062658,NODE_B4BFE934ED80,root,1,00:00:00:00:00:00,0,0,15,1181,3,0
594062654,NODE_B4BFE934ED80,root,1,00:00:00:00:00:00,0,0,15,1183,3,0
595072654,NODE_B4BFE934ED80,root,1,00:00:00:00:00:00,0,0,15,1185,3,0
596072658,NODE_B4BFE934ED80,root,1,00:00:00:00:00:00,0,0,15,1187,3,0
597082654,NODE_B4BFE934ED80,root,1,00:00:00:00:00:00,0,0,15,1189,3,0
598082654,NODE_B4BFE934ED80,root,1,00:00:00:00:00:00,0,0,15,1191,3,0
599092654,NODE_B4BFE934ED80,root,1,00:00:00:00:00:00,0,0,15,1193,3,0
600092654,NODE_B4BFE934ED80,root,1,00:00:00:00:00:00,0,0,15,1195,3,0
601102654,NODE_B4BFE934ED80,root,1,00:00:00:00:00:00,0,0,15,1197,3,0
602102658,NODE_B4BFE934ED80,root,1,00:00:00:00:00:00,0,0,15,1199,3,0
603112650,NODE_B4BFE934ED80,root,1,00:00:00:00:00:00,0,0,15,1201,3,0
604112654,NODE_B4BFE934ED80,root,1,00:00:00:00:00:00,0,0,15,1203,3,0
605192654,NODE_B4BFE934ED80,root,1,00:00:00:00:00:00,0,0,15,1205,3,0
606192654,NODE_B4BFE934ED80,root,1,00:00:00:00:00:00,0,0,15,1207,3,0
607282658,NODE_B4BFE934ED80,root,1,00:00:00:00:00:00,0,0,15,1210,3,0
608327368,NODE_B4BFE934ED80,root,1,00:00:00:00:00:00,0,0,15,1212,3,0
609332657,NODE_B4BFE934ED80,root,1,00:00:00:00:00:00,0,0,15,1214,3,0
610332654,NODE_B4BFE934ED80,root,1,00:00:00:00:00:00,0,0,15,1216,3,0
611432650,NODE_B4BFE934ED80,root,1,00:00:00:00:00:00,0,0,15,1218,3,0
612432654,NODE_B4BFE934ED80,root,1,00:00:00:00:00:00,0,0,15,1220,3,0
613442654,NODE_B4BFE934ED80,root,1,00:00:00:00:00:00,0,0,15,1222,3,0
614442654,NODE_B4BFE934ED80,root,1,00:00:00:00:00:00,0,0,15,1224,3,0
615452658,NODE_B4BFE934ED80,root,1,00:00:00:00:00:00,0,0,15,1226,3,0
616452654,NODE_B4BFE934ED80,root,1,00:00:00:00:00:00,0,0,15,1228,3,0
617552658,NODE_B4BFE934ED80,root,1,00:00:00:00:00:00,0,0,15,1229,3,0
618552654,NODE_B4BFE934ED80,root,1,00:00:00:00:00:00,0,0,15,1231,3,0
619562654,NODE_B4BFE934ED80,root,1,00:00:00:00:00:00,0,0,15,1233,3,0
620562654,NODE_B4BFE934ED80,root,1,00:00:00:00:00:00,0,0,15,1235,3,0
621572650,NODE_B4BFE934ED80,root,1,00:00:00:00:00:00,0,0,15,1237,3,0
622572658,NODE_B4BFE934ED80,root,1,00:00:00:00:00:00,0,0,15,1239,3,0
623582650,NODE_B4BFE934ED80,root,1,00:00:00:00:00:00,0,0,15,1241,3,0
624582654,NODE_B4BFE934ED80,root,1,00:00:00:00:00:00,0,0,15,1243,3,0
625682658,NODE_B4BFE934ED80,root,1,00:00:00:00:00:00,0,0,15,1245,3,0
626682654,NODE_B4BFE934ED80,root,1,00:00:00:00:00:00,0,0,15,1247,3,0
627782654,NODE_B4BFE934ED80,root,1,00:00:00:00:00:00,0,0,15,1249,3,0
628782646,NODE_B4BFE934ED80,root,1,00:00:00:00:00:00,0,0,15,1251,3,0
629792658,NODE_B4BFE934ED80,root,1,00:00:00:00:00:00,0,0,15,1253,3,0
630792654,NODE_B4BFE934ED80,root,1,00:00:00:00:00:00,0,0,15,1254,3,0
631802646,NODE_B4BFE934ED80,root,1,00:00:00:00:00:00,0,0,15,1256,3,0
632802658,NODE_B4BFE934ED80,root,1,00:00:00:00:00:00,0,0,15,1258,3,0
633812654,NODE_B4BFE934ED80,root,1,00:00:00:00:00:00,0,0,15,1260,3,0
634812654,NODE_B4BFE934ED80,root,1,00:00:00:00:00:00,0,0,15,1262,3,0
635822658,NODE_B4BFE934ED80,root,1,00:00:00:00:00:00,0,0,15,1264,3,0
636822654,NODE_B4BFE934ED80,root,1,00:00:00:00:00:00,0,0,15,1266,3,0
637832658,NODE_B4BFE934ED80,root,1,00:00:00:00:00:00,0,0,15,1268,3,0
638832650,NODE_B4BFE934ED80,root,1,00:00:00:00:00:00,0,0,15,1270,3,0
639842658,NODE_B4BFE934ED80,root,1,00:00:00:00:00:00,0,0,15,1272,3,0
640842650,NODE_B4BFE934ED80,root,1,00:00:00:00:00:00,0,0,15,1274,3,0
641852654,NODE_B4BFE934ED80,root,1,00:00:00:00:00:00,0,0,15,1276,3,0
642852658,NODE_B4BFE934ED80,root,1,00:00:00:00:00:00,0,0,15,1278,3,0
643862646,NODE_B4BFE934ED80,root,1,00:00:00:00:00:00,0,0,15,1280,3,0
644862658,NODE_B4BFE934ED80,root,1,00:00:00:00:00:00,0,0,15,1282,3,0
645872650,NODE_B4BFE934ED80,root,1,00:00:00:00:00:00,0,0,15,1284,3,0
646872654,NODE_B4BFE934ED80,root,1,00:00:00:00:00:00,0,0,15,1286,3,0
647882658,NODE_B4BFE934ED80,root,1,00:00:00:00:00:00,0,0,15,1288,3,0
648882654,NODE_B4BFE934ED80,root,1,00:00:00:00:00:00,0,0,15,1290,3,0
649892654,NODE_B4BFE934ED80,root,1,00:00:00:00:00:00,0,0,15,1292,3,0
650892654,NODE_B4BFE934ED80,root,1,00:00:00:00:00:00,0,0,15,1294,3,0
651902654,NODE_B4BFE934ED80,root,1,00:00:00:00:00:00,0,0,15,1296,3,0
652902658,NODE_B4BFE934ED80,root,1,00:00:00:00:00:00,0,0,15,1298,3,0
653912654,NODE_B4BFE934ED80,root,1,00:00:00:00:00:00,0,0,15,1300,3,0
654912654,NODE_B4BFE934ED80,root,1,00:00:00:00:00:00,0,0,15,1302,3,0
655992658,NODE_B4BFE934ED80,root,1,00:00:00:00:00:00,0,0,15,1304,3,0
656992654,NODE_B4BFE934ED80,root,1,00:00:00:00:00:00,0,0,15,1306,3,0
658092654,NODE_B4BFE934ED80,root,1,00:00:00:00:00:00,0,0,15,1307,3,0
659092654,NODE_B4BFE934ED80,root,1,00:00:00:00:00:00,0,0,15,1309,3,0
660102654,NODE_B4BFE934ED80,root,1,00:00:00:00:00:00,0,0,15,1311,3,0
661102650,NODE_B4BFE934ED80,root,1,00:00:00:00:00:00,0,0,15,1313,3,0
662192658,NODE_B4BFE934ED80,root,1,00:00:00:00:00:00,0,0,15,1315,3,0
